"","diff","uuid","enum","issue"
"1",-1468.30145000219,"e388ef87-d927-4e7b-83b8-64589e5d4d89 | c51e49d6-0ea8-4a29-9497-2ef68064ad90","agadez_1","Rien a signalé"
"2",-43.2410666624705,"c51e49d6-0ea8-4a29-9497-2ef68064ad90 | 27e7b0e7-221d-4f83-9f83-555dd94bf6b6","agadez_1","Rien a signalé"
"3",264.782366665204,"04ba16eb-2388-4f4b-b1bf-3bbc335a3267 | ee81f5d4-4911-4692-af85-63883bbd69ff","agadez_10","l'enquete a commencé avant la fin de l'enquete precedente"
"4",-38.9978833317757,"ee81f5d4-4911-4692-af85-63883bbd69ff | 6d30b7a9-b6a4-4651-aecc-3a3982ca3d5b","agadez_10","Rien a signalé"
"5",-1307.29231666724,"6d30b7a9-b6a4-4651-aecc-3a3982ca3d5b | f5129aac-ffbf-45ea-ade9-a0215565b39e","agadez_10","Rien a signalé"
"6",-88.4754333337148,"f5129aac-ffbf-45ea-ade9-a0215565b39e | 0c88ad34-0acf-4553-9334-2fa837a7747c","agadez_10","Rien a signalé"
"7",-4.05623333454132,"295a2037-4387-4204-84a0-fc9281951c97 | 0c927460-f67d-4ae7-9d8e-53840097f05b","agadez_12","temps entre deux enquetes succesives court"
"8",-1455.58049999873,"8b28dbe6-909e-4e59-9493-4598cc051d12 | 87ade999-effb-48a7-8f77-cbe6db16e88f","agadez_13","Rien a signalé"
"9",-16.3966333349546,"87ade999-effb-48a7-8f77-cbe6db16e88f | 40dfae77-ab2b-41b8-b7b1-243dcdcb63c1","agadez_13","Rien a signalé"
"10",149.846783336004,"8862cd88-1a32-49e3-aa96-aa35fc90b89c | 94cf8853-0b79-4449-ac60-be59820d7875","agadez_3","l'enquete a commencé avant la fin de l'enquete precedente"
"11",-3.41156666676203,"94cf8853-0b79-4449-ac60-be59820d7875 | 377d2200-8aa6-42df-b04a-7002359ee4ee","agadez_3","temps entre deux enquetes succesives court"
"12",-1.24081666469574,"377d2200-8aa6-42df-b04a-7002359ee4ee | 6b420fa7-9764-44df-8fd2-23bf5348fd01","agadez_3","temps entre deux enquetes succesives court"
"13",-1403.40486666759,"3f3a1174-3177-4ace-96f7-edbfc4a904de | ce1189e2-32fa-43f1-9d57-1c94ef61cdf9","agadez_7","Rien a signalé"
"14",-11.6043166677157,"ce1189e2-32fa-43f1-9d57-1c94ef61cdf9 | 53e2de03-1a14-4eea-aba3-a11cac3d212c","agadez_7","Rien a signalé"
"15",-112.525099996726,"53e2de03-1a14-4eea-aba3-a11cac3d212c | 1b501fea-c782-4c8d-874f-146c28a1809b","agadez_7","Rien a signalé"
"16",-6.774933330218,"7c4f5d64-eabb-4477-bb1a-e20622ea8ed2 | 4ecd42e4-029f-4755-99c5-32495c7db0d3","agadez_8","Rien a signalé"
"17",-0.205116669336955,"4ecd42e4-029f-4755-99c5-32495c7db0d3 | eed00c9c-c914-4382-8895-645855af9542","agadez_8","temps entre deux enquetes succesives court"
"18",-1208.31875,"eed00c9c-c914-4382-8895-645855af9542 | 450faec3-5e97-4782-a795-3904e0f2ff2d","agadez_8","Rien a signalé"
"19",-84.5963999986649,"450faec3-5e97-4782-a795-3904e0f2ff2d | 9852d41d-0519-4ef0-ac06-ef12e70daaf5","agadez_8","Rien a signalé"
"20",-96.5294666687648,"9852d41d-0519-4ef0-ac06-ef12e70daaf5 | d50e256d-9946-46aa-88de-49c5fd05b0c2","agadez_8","Rien a signalé"
"21",511.655049999555,"8c699775-181d-433a-8870-eae97fd7149b | 91d47d1e-186b-4a65-a09f-e708bc31eb99","maradi_1","l'enquete a commencé avant la fin de l'enquete precedente"
"22",444.749416665236,"91d47d1e-186b-4a65-a09f-e708bc31eb99 | 3ee989b5-dd1e-45f6-bf62-3c0dbb064e52","maradi_1","l'enquete a commencé avant la fin de l'enquete precedente"
"23",421.369550005595,"3ee989b5-dd1e-45f6-bf62-3c0dbb064e52 | 544e51fe-83d2-4147-86f4-ca98495d61a3","maradi_1","l'enquete a commencé avant la fin de l'enquete precedente"
"24",525.84216666619,"544e51fe-83d2-4147-86f4-ca98495d61a3 | 099f013a-7b6a-4131-8b8c-b07503ef40cd","maradi_1","l'enquete a commencé avant la fin de l'enquete precedente"
"25",373.544866665204,"099f013a-7b6a-4131-8b8c-b07503ef40cd | fd3634e2-8039-4994-a300-d6c514d78af2","maradi_1","l'enquete a commencé avant la fin de l'enquete precedente"
"26",426.581816665332,"fd3634e2-8039-4994-a300-d6c514d78af2 | 9c22161e-dff1-47e5-919e-eeedfee77921","maradi_1","l'enquete a commencé avant la fin de l'enquete precedente"
"27",-645.4959166646,"9c22161e-dff1-47e5-919e-eeedfee77921 | 67a39159-7234-46c7-8b1f-a61e8c70acdb","maradi_1","Rien a signalé"
"28",-75.9721833348274,"67a39159-7234-46c7-8b1f-a61e8c70acdb | 6a98e1fd-d5b4-41ef-9f7f-c6f13eb54b74","maradi_1","Rien a signalé"
"29",-59.9056500037511,"6a98e1fd-d5b4-41ef-9f7f-c6f13eb54b74 | 1dfaa9b5-19ec-4e97-b875-2f253019d198","maradi_1","Rien a signalé"
"30",-50.1330499966939,"ad94328e-9658-491b-89a7-b95d21209f94 | cb86da67-7d96-45f1-9414-2dcf6222d19b","maradi_10","Rien a signalé"
"31",-42.0500500003497,"cb86da67-7d96-45f1-9414-2dcf6222d19b | 01cf6035-c47e-4038-b8b3-3460e44f4085","maradi_10","Rien a signalé"
"32",62.5257999976476,"01cf6035-c47e-4038-b8b3-3460e44f4085 | 92c7c6ef-bdc5-4118-8e79-60e2c57338e8","maradi_10","l'enquete a commencé avant la fin de l'enquete precedente"
"33",1251.2656166633,"204058bf-7e4a-4a1c-bbe9-ef7e4f492b8b | 9b8ea873-787b-4690-ad2c-db627be34b03","maradi_11","l'enquete a commencé avant la fin de l'enquete precedente"
"34",1152.28439999819,"9b8ea873-787b-4690-ad2c-db627be34b03 | f545316d-8db4-48b8-acaa-c646f6797e57","maradi_11","l'enquete a commencé avant la fin de l'enquete precedente"
"35",1002.57283333143,"f545316d-8db4-48b8-acaa-c646f6797e57 | 1c1951e0-e0fc-4c4b-8d7d-fbfbc9fe2a3b","maradi_11","l'enquete a commencé avant la fin de l'enquete precedente"
"36",-27.7345499992371,"1c1951e0-e0fc-4c4b-8d7d-fbfbc9fe2a3b | 042fef5c-65f8-4585-bba3-94052da0e901","maradi_11","Rien a signalé"
"37",291.088016664982,"042fef5c-65f8-4585-bba3-94052da0e901 | 36411f62-0506-4f51-860e-f38132f24406","maradi_11","l'enquete a commencé avant la fin de l'enquete precedente"
"38",254.49633333683,"36411f62-0506-4f51-860e-f38132f24406 | 9b352c9f-2f78-4e5b-a7c2-c55d15397fd9","maradi_11","l'enquete a commencé avant la fin de l'enquete precedente"
"39",495.310816669464,"ca446901-92b2-4a61-886f-3d4d59ce3c34 | 7cdafb1a-7aa6-4a8b-9e70-0d244303d4d6","maradi_12","l'enquete a commencé avant la fin de l'enquete precedente"
"40",357.676300001144,"7cdafb1a-7aa6-4a8b-9e70-0d244303d4d6 | 1d2ae62b-8ba1-4e0f-a77b-0dea00b28a55","maradi_12","l'enquete a commencé avant la fin de l'enquete precedente"
"41",-623.076333336035,"1d2ae62b-8ba1-4e0f-a77b-0dea00b28a55 | 251f8bef-63ce-49e8-9252-4311920c6bf7","maradi_12","Rien a signalé"
"42",266.382066671054,"251f8bef-63ce-49e8-9252-4311920c6bf7 | 40ece89d-7f47-47d6-acce-65c2e7c62432","maradi_12","l'enquete a commencé avant la fin de l'enquete precedente"
"43",223.381966670354,"40ece89d-7f47-47d6-acce-65c2e7c62432 | 8695b426-5d35-4fdc-a3f9-a0f699c5d281","maradi_12","l'enquete a commencé avant la fin de l'enquete precedente"
"44",78.2060000022252,"6e59a993-c61f-40c6-b4ce-dfe3f9c6bc31 | 70ac9038-d4d0-4a90-9e20-1337a7ff5e07","maradi_14","l'enquete a commencé avant la fin de l'enquete precedente"
"45",56.7065999984741,"70ac9038-d4d0-4a90-9e20-1337a7ff5e07 | 327700a1-b0d4-4dde-9621-4460447ae1bd","maradi_14","l'enquete a commencé avant la fin de l'enquete precedente"
"46",115.771516664823,"5cb6d82f-ee37-4063-81c0-371a0bb595df | 44cf20f9-2eb4-404f-8df0-e7f6097be3ef","maradi_15","l'enquete a commencé avant la fin de l'enquete precedente"
"47",-77.6469666639964,"44cf20f9-2eb4-404f-8df0-e7f6097be3ef | cc1173eb-7055-49fa-a47f-bbb894bc3403","maradi_15","Rien a signalé"
"48",170.168216669559,"cc1173eb-7055-49fa-a47f-bbb894bc3403 | 64eb1ae3-7919-494d-991a-a483ec26b427","maradi_15","l'enquete a commencé avant la fin de l'enquete precedente"
"49",127.240233333906,"64eb1ae3-7919-494d-991a-a483ec26b427 | a51a7d76-1fa0-48ec-86ac-ba43af8cc87a","maradi_15","l'enquete a commencé avant la fin de l'enquete precedente"
"50",110.142349998156,"a51a7d76-1fa0-48ec-86ac-ba43af8cc87a | e07f32b5-5ef2-4bad-af7d-363d642beeaf","maradi_15","l'enquete a commencé avant la fin de l'enquete precedente"
"51",509.718516667684,"e07f32b5-5ef2-4bad-af7d-363d642beeaf | 53926a10-22b0-4e38-8fe5-506479c6c714","maradi_15","l'enquete a commencé avant la fin de l'enquete precedente"
"52",355.705549999078,"53926a10-22b0-4e38-8fe5-506479c6c714 | 054cad57-9e70-4b95-98f9-20e49ddc5b6c","maradi_15","l'enquete a commencé avant la fin de l'enquete precedente"
"53",230.629583330949,"893bceda-ec13-476f-a7d0-649943a88b24 | 38f66eb6-8a3c-40ba-b653-28e7b59906c0","maradi_16","l'enquete a commencé avant la fin de l'enquete precedente"
"54",205.39451666673,"38f66eb6-8a3c-40ba-b653-28e7b59906c0 | 3f876ced-e9c0-46cd-9034-059d0c911562","maradi_16","l'enquete a commencé avant la fin de l'enquete precedente"
"55",172.819149998824,"3f876ced-e9c0-46cd-9034-059d0c911562 | 63e93ff0-d85f-46ec-b13e-185930489a59","maradi_16","l'enquete a commencé avant la fin de l'enquete precedente"
"56",-751.969099998474,"63e93ff0-d85f-46ec-b13e-185930489a59 | c78e4cbb-b368-4ac6-920d-4cae30e796d2","maradi_16","Rien a signalé"
"57",284.504816667239,"c78e4cbb-b368-4ac6-920d-4cae30e796d2 | 125c98be-679e-4d05-90ed-ade2ed11ab0a","maradi_16","l'enquete a commencé avant la fin de l'enquete precedente"
"58",455.984150000413,"125c98be-679e-4d05-90ed-ade2ed11ab0a | a5515cdf-0a18-4ebb-9fe7-d1f32c66e5b2","maradi_16","l'enquete a commencé avant la fin de l'enquete precedente"
"59",388.267683335145,"a5515cdf-0a18-4ebb-9fe7-d1f32c66e5b2 | 3ba51383-d15a-472a-87fb-39a0f027a1c5","maradi_16","l'enquete a commencé avant la fin de l'enquete precedente"
"60",399.756133333842,"f8d951e1-e45d-4ba4-81cd-7033cc3ebc77 | 75c2f85c-391f-4b15-8728-0853911f6cf0","maradi_17","l'enquete a commencé avant la fin de l'enquete precedente"
"61",314.226783335209,"75c2f85c-391f-4b15-8728-0853911f6cf0 | 7c0af62b-6c5d-4f3c-936c-6020f6bc3c4f","maradi_17","l'enquete a commencé avant la fin de l'enquete precedente"
"62",265.732666667302,"7c0af62b-6c5d-4f3c-936c-6020f6bc3c4f | 5bb93f4b-7ffd-4869-937a-a25fbecc90e0","maradi_17","l'enquete a commencé avant la fin de l'enquete precedente"
"63",-724.327583328883,"5bb93f4b-7ffd-4869-937a-a25fbecc90e0 | fc282ef0-820d-4f42-987b-d2e943987f26","maradi_17","Rien a signalé"
"64",612.002549997966,"fc282ef0-820d-4f42-987b-d2e943987f26 | dc192f8b-a9d7-4594-8153-fb7e9cc2e679","maradi_17","l'enquete a commencé avant la fin de l'enquete precedente"
"65",597.781549998124,"dc192f8b-a9d7-4594-8153-fb7e9cc2e679 | 1eb2c4e5-170c-43e4-9bf5-252af18448b6","maradi_17","l'enquete a commencé avant la fin de l'enquete precedente"
"66",601.603383334478,"1eb2c4e5-170c-43e4-9bf5-252af18448b6 | dc8743f0-d492-4d2e-ba32-8c3e4ffffaa6","maradi_17","l'enquete a commencé avant la fin de l'enquete precedente"
"67",-4.23973333438238,"dc8743f0-d492-4d2e-ba32-8c3e4ffffaa6 | 17bfeea1-1e2a-46eb-b013-c87ffa11e6db","maradi_17","temps entre deux enquetes succesives court"
"68",22.2759500026703,"17bfeea1-1e2a-46eb-b013-c87ffa11e6db | 61adb63a-f3f2-4812-84c7-171b2c81d0c1","maradi_17","l'enquete a commencé avant la fin de l'enquete precedente"
"69",463.277099998792,"61adb63a-f3f2-4812-84c7-171b2c81d0c1 | c3c83529-7779-4c4a-9066-1dfb75841c11","maradi_17","l'enquete a commencé avant la fin de l'enquete precedente"
"70",262.672749996185,"c3c83529-7779-4c4a-9066-1dfb75841c11 | cc03828c-68db-4c9e-8c0b-a96231a7c66c","maradi_17","l'enquete a commencé avant la fin de l'enquete precedente"
"71",583.874716663361,"62a9ce24-7162-4006-81cf-a8029013c446 | db0917fd-ac2f-48cf-b877-6eaec7f71558","maradi_18","l'enquete a commencé avant la fin de l'enquete precedente"
"72",512.376616664728,"db0917fd-ac2f-48cf-b877-6eaec7f71558 | 534d70bb-5072-4ab3-b5f7-d89b13923be3","maradi_18","l'enquete a commencé avant la fin de l'enquete precedente"
"73",-667.372550002734,"534d70bb-5072-4ab3-b5f7-d89b13923be3 | bc1506ba-47d5-40d1-9e69-25441361a861","maradi_18","Rien a signalé"
"74",824.145083332062,"bc1506ba-47d5-40d1-9e69-25441361a861 | bb90f635-3a85-44a6-8613-5dccd8f70e51","maradi_18","l'enquete a commencé avant la fin de l'enquete precedente"
"75",769.748616667589,"bb90f635-3a85-44a6-8613-5dccd8f70e51 | a103eefb-cf8f-4176-9493-ddf46739328b","maradi_18","l'enquete a commencé avant la fin de l'enquete precedente"
"76",520.684633334478,"a23702a7-8cc1-47f3-ab84-aa6167331e29 | 5f9c09b2-015a-4dd4-ba30-8eaff9fc9e82","maradi_19","l'enquete a commencé avant la fin de l'enquete precedente"
"77",475.847750000159,"5f9c09b2-015a-4dd4-ba30-8eaff9fc9e82 | 8040fdef-c2e2-4506-bead-27e9e2b37c7f","maradi_19","l'enquete a commencé avant la fin de l'enquete precedente"
"78",451.161216664314,"8040fdef-c2e2-4506-bead-27e9e2b37c7f | 679880f3-5d10-44db-ac28-4c3adc30433c","maradi_19","l'enquete a commencé avant la fin de l'enquete precedente"
"79",-701.996033330758,"679880f3-5d10-44db-ac28-4c3adc30433c | 6a47de1c-a272-4105-9683-f0e667eb1ccd","maradi_19","Rien a signalé"
"80",766.437566669782,"6a47de1c-a272-4105-9683-f0e667eb1ccd | 3b80ec20-0bbf-4890-9b6c-83bd8199ccb7","maradi_19","l'enquete a commencé avant la fin de l'enquete precedente"
"81",709.501549998919,"3b80ec20-0bbf-4890-9b6c-83bd8199ccb7 | 7775a883-1f1a-459f-8e2d-d40629b369b2","maradi_19","l'enquete a commencé avant la fin de l'enquete precedente"
"82",649.124483338992,"7775a883-1f1a-459f-8e2d-d40629b369b2 | 16cf3795-2f8d-4f82-b4f2-04f85783eb02","maradi_19","l'enquete a commencé avant la fin de l'enquete precedente"
"83",414.577050002416,"f1d707f1-5d77-4387-8b9f-d6c9497ccc5d | b8f02cf9-74c8-44ee-883b-8e5e615beff1","maradi_2","l'enquete a commencé avant la fin de l'enquete precedente"
"84",371.676433332761,"b8f02cf9-74c8-44ee-883b-8e5e615beff1 | 0db9ff25-0f06-402c-a008-4bb595eff738","maradi_2","l'enquete a commencé avant la fin de l'enquete precedente"
"85",409.768949997425,"0db9ff25-0f06-402c-a008-4bb595eff738 | 69c2f633-1425-4fc5-bae4-42c03e0ce936","maradi_2","l'enquete a commencé avant la fin de l'enquete precedente"
"86",-785.772766665618,"69c2f633-1425-4fc5-bae4-42c03e0ce936 | d6a03318-4e6c-4add-843f-da8649a4b2ac","maradi_2","Rien a signalé"
"87",398.319216664632,"d6a03318-4e6c-4add-843f-da8649a4b2ac | 8509c510-7d85-484b-bf75-70cf7da7ea70","maradi_2","l'enquete a commencé avant la fin de l'enquete precedente"
"88",300.111766668161,"8509c510-7d85-484b-bf75-70cf7da7ea70 | 57633b51-3eef-4601-8f1b-e2d65bd5b800","maradi_2","l'enquete a commencé avant la fin de l'enquete precedente"
"89",458.919566671054,"63d748f8-fdb3-402f-942c-a9638133fc8b | 32571e58-7fff-479a-a4e2-77cc5e916248","maradi_20","l'enquete a commencé avant la fin de l'enquete precedente"
"90",415.99058333238,"32571e58-7fff-479a-a4e2-77cc5e916248 | f97c0bd8-6971-4942-b145-94eca40cbeea","maradi_20","l'enquete a commencé avant la fin de l'enquete precedente"
"91",382.81924999555,"f97c0bd8-6971-4942-b145-94eca40cbeea | c53e53c9-75f6-4a3c-b91f-9ef7126ba73f","maradi_20","l'enquete a commencé avant la fin de l'enquete precedente"
"92",-769.08855000337,"c53e53c9-75f6-4a3c-b91f-9ef7126ba73f | 3589d0d0-325b-433d-9061-81f6ecc406c0","maradi_20","Rien a signalé"
"93",729.18818333149,"3589d0d0-325b-433d-9061-81f6ecc406c0 | 64010f0f-c5f2-451d-a36b-9f1c9c910b70","maradi_20","l'enquete a commencé avant la fin de l'enquete precedente"
"94",687.014383331935,"64010f0f-c5f2-451d-a36b-9f1c9c910b70 | f2c5e66a-5ba1-4b22-8115-394cfca64453","maradi_20","l'enquete a commencé avant la fin de l'enquete precedente"
"95",1878.39328333139,"d6789bd2-2705-4769-85e1-2ff6a5dfa285 | 784f0f42-d9f3-4532-9691-d8be79855d02","maradi_21","l'enquete a commencé avant la fin de l'enquete precedente"
"96",1829.99249999523,"784f0f42-d9f3-4532-9691-d8be79855d02 | f9c27ea2-0003-4016-a8bd-11c41e917993","maradi_21","l'enquete a commencé avant la fin de l'enquete precedente"
"97",1720.62420000235,"f9c27ea2-0003-4016-a8bd-11c41e917993 | b50e0d41-3484-4f72-8c55-1bcc1547a46c","maradi_21","l'enquete a commencé avant la fin de l'enquete precedente"
"98",1681.33765000502,"b50e0d41-3484-4f72-8c55-1bcc1547a46c | eb299c6f-835c-4e98-a307-daa79b7936f4","maradi_21","l'enquete a commencé avant la fin de l'enquete precedente"
"99",1619.1978333354,"eb299c6f-835c-4e98-a307-daa79b7936f4 | 09447e73-5200-410d-8d1b-c65479191cad","maradi_21","l'enquete a commencé avant la fin de l'enquete precedente"
"100",590.251649999619,"09447e73-5200-410d-8d1b-c65479191cad | 4a429615-2362-4a57-a659-9b651b416eaa","maradi_21","l'enquete a commencé avant la fin de l'enquete precedente"
"101",527.477233330409,"4a429615-2362-4a57-a659-9b651b416eaa | 16277242-5994-4f99-b838-b4247acbb9ae","maradi_21","l'enquete a commencé avant la fin de l'enquete precedente"
"102",416.538533337911,"16277242-5994-4f99-b838-b4247acbb9ae | 08f7738d-e630-4d8e-9935-d24ce6adcba5","maradi_21","l'enquete a commencé avant la fin de l'enquete precedente"
"103",369.52028333346,"08f7738d-e630-4d8e-9935-d24ce6adcba5 | b8f41c71-e5b6-4efb-8cbb-dfe249ca3140","maradi_21","l'enquete a commencé avant la fin de l'enquete precedente"
"104",978.562249998252,"55b14690-d29e-4112-b638-55926c639a3f | 4d7f1d0f-7860-44ec-94cb-43ead4c1593e","maradi_22","l'enquete a commencé avant la fin de l'enquete precedente"
"105",942.877933335304,"4d7f1d0f-7860-44ec-94cb-43ead4c1593e | 2fbba237-528b-4e49-aa8a-03c48e58897e","maradi_22","l'enquete a commencé avant la fin de l'enquete precedente"
"106",948.604233332475,"2fbba237-528b-4e49-aa8a-03c48e58897e | d18df7b1-53d6-4bda-a0af-3ac99cbf1ed0","maradi_22","l'enquete a commencé avant la fin de l'enquete precedente"
"107",-81.3104666670163,"d18df7b1-53d6-4bda-a0af-3ac99cbf1ed0 | 29dabfd5-7500-4ce7-a054-7c6e2470e49c","maradi_22","Rien a signalé"
"108",635.848649998506,"29dabfd5-7500-4ce7-a054-7c6e2470e49c | a28204d1-9317-40a1-9d0e-c9125bdb4c66","maradi_22","l'enquete a commencé avant la fin de l'enquete precedente"
"109",570.934766670068,"a28204d1-9317-40a1-9d0e-c9125bdb4c66 | 416d4228-fc6e-4b1f-aa22-9a0775b2fa1f","maradi_22","l'enquete a commencé avant la fin de l'enquete precedente"
"110",461.398149998983,"416d4228-fc6e-4b1f-aa22-9a0775b2fa1f | 4939cae4-ceb9-4f2e-a72d-a6a09ea328d2","maradi_22","l'enquete a commencé avant la fin de l'enquete precedente"
"111",403.419833334287,"4939cae4-ceb9-4f2e-a72d-a6a09ea328d2 | e407ff3e-8f99-4b1b-b6c3-46f71aef9284","maradi_22","l'enquete a commencé avant la fin de l'enquete precedente"
"112",1874.92043333451,"1ea0c9aa-4a5d-4ad4-a80b-3d1855496f5d | 8f78ffc5-b0b4-492d-958a-47dc9a258fb9","maradi_23","l'enquete a commencé avant la fin de l'enquete precedente"
"113",431.249100001653,"8f78ffc5-b0b4-492d-958a-47dc9a258fb9 | ba1285a9-fa95-4c95-bf12-482d2ad856b4","maradi_23","l'enquete a commencé avant la fin de l'enquete precedente"
"114",1646.06468333403,"ba1285a9-fa95-4c95-bf12-482d2ad856b4 | a70c9349-1c4b-4b80-8138-547078c2ec31","maradi_23","l'enquete a commencé avant la fin de l'enquete precedente"
"115",442.269183333715,"a70c9349-1c4b-4b80-8138-547078c2ec31 | 83b396fd-c874-4ab4-879c-db6b0e66c4eb","maradi_23","l'enquete a commencé avant la fin de l'enquete precedente"
"116",539.682133332888,"83b396fd-c874-4ab4-879c-db6b0e66c4eb | 772df402-5aea-4181-b70e-e753b391363b","maradi_23","l'enquete a commencé avant la fin de l'enquete precedente"
"117",77.3442499995232,"35dfd75f-dde2-4792-90e7-01b0427942d2 | 44ee925c-7e40-428f-a480-3f976861fafc","maradi_24","l'enquete a commencé avant la fin de l'enquete precedente"
"118",-98.5253999988238,"44ee925c-7e40-428f-a480-3f976861fafc | b2a12927-9583-4248-8758-716b3109373f","maradi_24","Rien a signalé"
"119",529.004216667016,"755a3034-f10b-433d-814b-2e36dddbbf00 | bd7bfe2c-96ae-4a68-91f7-530217fa3cde","maradi_3","l'enquete a commencé avant la fin de l'enquete precedente"
"120",-12.6432000001272,"bd7bfe2c-96ae-4a68-91f7-530217fa3cde | dfe0463c-ae43-41f9-ab80-f3dd3549440c","maradi_3","Rien a signalé"
"121",-25.7702666680018,"dfe0463c-ae43-41f9-ab80-f3dd3549440c | 92072695-16e4-4acc-a323-ecf319c56429","maradi_3","Rien a signalé"
"122",-1142.99691666762,"92072695-16e4-4acc-a323-ecf319c56429 | 6946a10d-46d5-4fde-a936-d1aa7587afa2","maradi_3","Rien a signalé"
"123",382.101733334859,"6946a10d-46d5-4fde-a936-d1aa7587afa2 | 9c8bfbaa-03ab-443a-aadc-dc3667efdf4a","maradi_3","l'enquete a commencé avant la fin de l'enquete precedente"
"124",277.99981666406,"9c8bfbaa-03ab-443a-aadc-dc3667efdf4a | 1bd4e2d3-ebf5-4473-9612-d8b5cb6ac8e0","maradi_3","l'enquete a commencé avant la fin de l'enquete precedente"
"125",262.480033334096,"39379936-d02e-418f-a0c4-eacbfa1ef08d | 11fb2a36-4c6e-4005-b29b-5f699e9a98aa","maradi_4","l'enquete a commencé avant la fin de l'enquete precedente"
"126",181.454483334223,"11fb2a36-4c6e-4005-b29b-5f699e9a98aa | b00592f8-2f4a-462e-93ea-70fe1614527b","maradi_4","l'enquete a commencé avant la fin de l'enquete precedente"
"127",147.944099998474,"b00592f8-2f4a-462e-93ea-70fe1614527b | ee6b431d-1828-4b4d-b044-2ea2e30e6ed2","maradi_4","l'enquete a commencé avant la fin de l'enquete precedente"
"128",-994.796499999364,"ee6b431d-1828-4b4d-b044-2ea2e30e6ed2 | 5a5e3e47-5b43-4e4e-b91d-39898c16b3b3","maradi_4","Rien a signalé"
"129",375.125916671753,"5a5e3e47-5b43-4e4e-b91d-39898c16b3b3 | 944da1e4-1945-4af8-8e7f-a9b0c2bcc0f9","maradi_4","l'enquete a commencé avant la fin de l'enquete precedente"
"130",268.768399997552,"944da1e4-1945-4af8-8e7f-a9b0c2bcc0f9 | c1f2e1e5-147b-4975-af73-70da2f0e4fd9","maradi_4","l'enquete a commencé avant la fin de l'enquete precedente"
"131",235.108050000668,"157d1e44-cdef-4aae-9f2d-87370ff9bb43 | f9188640-26fe-4eae-aef6-59624f51e0e7","maradi_5","l'enquete a commencé avant la fin de l'enquete precedente"
"132",78.4431499958038,"f9188640-26fe-4eae-aef6-59624f51e0e7 | 70b20b60-c5ce-4d2d-8e9c-55992764ddd2","maradi_5","l'enquete a commencé avant la fin de l'enquete precedente"
"133",-1033.10139999787,"70b20b60-c5ce-4d2d-8e9c-55992764ddd2 | d821e80c-6c94-4add-82ab-d7e20381636a","maradi_5","Rien a signalé"
"134",263.733199997743,"56ab87d8-9dcb-43b5-8962-c721c2bbf79f | 636b0939-a4ee-4eb8-9615-3b383c6558f1","maradi_6","l'enquete a commencé avant la fin de l'enquete precedente"
"135",127.379216663043,"636b0939-a4ee-4eb8-9615-3b383c6558f1 | a9cdae34-5fa1-40e6-ae0e-863d6a496996","maradi_6","l'enquete a commencé avant la fin de l'enquete precedente"
"136",81.4642666697502,"a9cdae34-5fa1-40e6-ae0e-863d6a496996 | 34252ea7-d655-451e-ba21-11c6866ab787","maradi_6","l'enquete a commencé avant la fin de l'enquete precedente"
"137",-1029.05908333063,"34252ea7-d655-451e-ba21-11c6866ab787 | 23343b61-19f7-4065-9002-0b06cab905ca","maradi_6","Rien a signalé"
"138",427.496366667748,"23343b61-19f7-4065-9002-0b06cab905ca | 19872e2d-651d-4b53-95f2-88073eefee50","maradi_6","l'enquete a commencé avant la fin de l'enquete precedente"
"139",363.721816666921,"19872e2d-651d-4b53-95f2-88073eefee50 | c439daab-644a-48f2-af5c-ff6a20a7dbe7","maradi_6","l'enquete a commencé avant la fin de l'enquete precedente"
"140",280.147966663043,"5ef2832a-fa4b-45b8-af97-4a266a9b3cc6 | d9df6575-53f6-448a-bb63-25b3cd472ab1","maradi_7","l'enquete a commencé avant la fin de l'enquete precedente"
"141",246.756283334891,"d9df6575-53f6-448a-bb63-25b3cd472ab1 | 692503d9-b090-471a-bd50-451513182c0b","maradi_7","l'enquete a commencé avant la fin de l'enquete precedente"
"142",136.888600003719,"692503d9-b090-471a-bd50-451513182c0b | 18840c83-a2ba-4769-8b9c-2397305f7ffa","maradi_7","l'enquete a commencé avant la fin de l'enquete precedente"
"143",99.3080333352089,"18840c83-a2ba-4769-8b9c-2397305f7ffa | 360e22d9-26db-465f-8cd4-9376103b3b1e","maradi_7","l'enquete a commencé avant la fin de l'enquete precedente"
"144",-1031.42333333492,"360e22d9-26db-465f-8cd4-9376103b3b1e | 3a0c4c65-67e7-485c-8bc6-7b9ef28e6d66","maradi_7","Rien a signalé"
"145",421.822233335177,"3a0c4c65-67e7-485c-8bc6-7b9ef28e6d66 | 17f60c01-cf7d-42f8-ae66-00bb1c50b8b8","maradi_7","l'enquete a commencé avant la fin de l'enquete precedente"
"146",392.90638333559,"17f60c01-cf7d-42f8-ae66-00bb1c50b8b8 | 3d39d20d-a126-4b87-8128-1537bde2647b","maradi_7","l'enquete a commencé avant la fin de l'enquete precedente"
"147",357.542666665713,"3d39d20d-a126-4b87-8128-1537bde2647b | 878fc4cd-a6bb-42a5-a543-62eb3f2b9365","maradi_7","l'enquete a commencé avant la fin de l'enquete precedente"
"148",238.742483333747,"ba085cf5-9ab0-42c7-977d-ea2cc6d3dae5 | 4631d349-9afe-4649-97d2-89d5917092de","maradi_8","l'enquete a commencé avant la fin de l'enquete precedente"
"149",123.194966665904,"4631d349-9afe-4649-97d2-89d5917092de | 2a2faefc-24ae-4dd0-9506-73715568da0e","maradi_8","l'enquete a commencé avant la fin de l'enquete precedente"
"150",93.5428333361944,"2a2faefc-24ae-4dd0-9506-73715568da0e | 48a9106d-165c-442d-a078-7de6e017ad3c","maradi_8","l'enquete a commencé avant la fin de l'enquete precedente"
"151",-1034.35060000022,"48a9106d-165c-442d-a078-7de6e017ad3c | 27859dc7-8c1d-44c3-9085-d34fa782a530","maradi_8","Rien a signalé"
"152",411.245866668224,"27859dc7-8c1d-44c3-9085-d34fa782a530 | 3dd686ec-f781-4a4b-b6bc-c70af04748a6","maradi_8","l'enquete a commencé avant la fin de l'enquete precedente"
"153",420.661333330472,"3dd686ec-f781-4a4b-b6bc-c70af04748a6 | ce83f9b4-765a-4a67-b115-12c1fce43cf8","maradi_8","l'enquete a commencé avant la fin de l'enquete precedente"
"154",382.142616665363,"ce83f9b4-765a-4a67-b115-12c1fce43cf8 | 1d67c1a8-9bcd-4c25-a9ba-5fc75e9b7c9c","maradi_8","l'enquete a commencé avant la fin de l'enquete precedente"
"155",-623.871750005086,"7bcb843f-8ea4-4ab5-906e-48fc9d23e6fc | 3316f715-89f7-4854-b086-62fb779e262d","maradi_9","Rien a signalé"
"156",74.9492666681608,"3316f715-89f7-4854-b086-62fb779e262d | bf6d62d0-c6e7-452d-ab95-a1c2fbcaa74a","maradi_9","l'enquete a commencé avant la fin de l'enquete precedente"
"157",48.644799999396,"bf6d62d0-c6e7-452d-ab95-a1c2fbcaa74a | 18ecc596-6e43-4079-b54f-e262ed5e0b83","maradi_9","l'enquete a commencé avant la fin de l'enquete precedente"
"158",387.659233335654,"9179bd99-d65a-4d4e-b18d-e675d4eaff0b | 528a3fd4-a1ac-4f3d-a956-f2b37f16ffd6","niamey_1","l'enquete a commencé avant la fin de l'enquete precedente"
"159",246.516516665618,"528a3fd4-a1ac-4f3d-a956-f2b37f16ffd6 | 27061f65-fea5-4af2-b496-3da8fbdcfefa","niamey_1","l'enquete a commencé avant la fin de l'enquete precedente"
"160",176.436966665586,"27061f65-fea5-4af2-b496-3da8fbdcfefa | ca37e613-cd76-479f-8454-f9111d90c4d7","niamey_1","l'enquete a commencé avant la fin de l'enquete precedente"
"161",-1105.04348333279,"ca37e613-cd76-479f-8454-f9111d90c4d7 | a98c5550-dfc7-4023-871a-6bea8a41c8cb","niamey_1","Rien a signalé"
"162",-3.19524999856949,"a98c5550-dfc7-4023-871a-6bea8a41c8cb | e071be30-fb3e-484d-8dc4-21b12ae7bfde","niamey_1","temps entre deux enquetes succesives court"
"163",-10.5106999993324,"e071be30-fb3e-484d-8dc4-21b12ae7bfde | 7ed30abe-76f7-4cd8-b0f9-353d61901e4a","niamey_1","Rien a signalé"
"164",-1295.00363333225,"7ed30abe-76f7-4cd8-b0f9-353d61901e4a | c9599fb6-892e-4157-b720-4ad14bc924fc","niamey_1","Rien a signalé"
"165",-0.0809500018755595,"c9599fb6-892e-4157-b720-4ad14bc924fc | 96e94038-b32b-4081-bfd3-4011ed0dec71","niamey_1","temps entre deux enquetes succesives court"
"166",-51.5822666684786,"96e94038-b32b-4081-bfd3-4011ed0dec71 | 01c0d843-46cb-4202-9533-c8057bbe7052","niamey_1","Rien a signalé"
"167",-1218.06831666629,"01c0d843-46cb-4202-9533-c8057bbe7052 | 96fd754b-a63e-4e0a-928a-e6fc5ddb4cc7","niamey_1","Rien a signalé"
"168",-0.172316666444143,"96fd754b-a63e-4e0a-928a-e6fc5ddb4cc7 | 10ea9d87-d14c-4093-9c53-ce333d3d8580","niamey_1","temps entre deux enquetes succesives court"
"169",-4.08443333307902,"10ea9d87-d14c-4093-9c53-ce333d3d8580 | 1fd64ecb-25ad-4f72-b5aa-6b68bd811962","niamey_1","temps entre deux enquetes succesives court"
"170",-88.6640166680018,"1fd64ecb-25ad-4f72-b5aa-6b68bd811962 | f9cea1ed-d384-4e3e-bd1f-81479df1f9a6","niamey_1","Rien a signalé"
"171",-1145.26040000121,"f9cea1ed-d384-4e3e-bd1f-81479df1f9a6 | 9c12fdc4-4fc4-47de-b47e-3689a124f636","niamey_1","Rien a signalé"
"172",-14.3661499977112,"9c12fdc4-4fc4-47de-b47e-3689a124f636 | 640a3570-a5c9-405b-929b-246a448f1d4d","niamey_1","Rien a signalé"
"173",-67.3681333343188,"640a3570-a5c9-405b-929b-246a448f1d4d | 150b90db-5cec-42fa-a07a-f7d0f28170b9","niamey_1","Rien a signalé"
"174",-14.1699000000954,"150b90db-5cec-42fa-a07a-f7d0f28170b9 | 43160ff5-0d3f-4555-810d-9cdba5dcbafb","niamey_1","Rien a signalé"
"175",-1238.78373333216,"43160ff5-0d3f-4555-810d-9cdba5dcbafb | 4803a267-d8af-4c31-9ad2-292b24c51cdc","niamey_1","Rien a signalé"
"176",-57.9268833359083,"4803a267-d8af-4c31-9ad2-292b24c51cdc | 4e1256c3-42bb-4626-a31c-bd3ceebd59ce","niamey_1","Rien a signalé"
"177",-15.806333331267,"4e1256c3-42bb-4626-a31c-bd3ceebd59ce | 1abce341-a572-440a-a790-48dab5e71f68","niamey_1","Rien a signalé"
"178",-29.8238166650136,"1abce341-a572-440a-a790-48dab5e71f68 | d85a1fcb-1535-42e1-98f7-53b98cdcad08","niamey_1","Rien a signalé"
"179",100.347449998061,"d85a1fcb-1535-42e1-98f7-53b98cdcad08 | d3c07123-719a-40b1-846c-e7f82071939d","niamey_1","l'enquete a commencé avant la fin de l'enquete precedente"
"180",-5.32040000359217,"d3c07123-719a-40b1-846c-e7f82071939d | 6df625fa-c795-49da-a826-ce0ac53b23eb","niamey_1","Rien a signalé"
"181",-16.3501833319664,"29940445-12ea-4c4a-9fd1-81f9dad69c1a | ef5ebc5b-920b-4d59-b6cc-f0565ca9c6e0","niamey_10","Rien a signalé"
"182",-84.7389999945958,"ef5ebc5b-920b-4d59-b6cc-f0565ca9c6e0 | 404f61ad-a872-4d89-8cc0-9c3c59331d62","niamey_10","Rien a signalé"
"183",-7.12751666704814,"404f61ad-a872-4d89-8cc0-9c3c59331d62 | 9448d711-9edb-4d15-a5bd-bed5bfca03b2","niamey_10","Rien a signalé"
"184",-1010.30623333454,"9448d711-9edb-4d15-a5bd-bed5bfca03b2 | 9cdcba09-8f51-4ee1-8bb4-51fdc8d2e69b","niamey_10","Rien a signalé"
"185",-7.86886666615804,"9cdcba09-8f51-4ee1-8bb4-51fdc8d2e69b | 0fa450e1-6e51-422d-89f8-36d2eac30455","niamey_10","Rien a signalé"
"186",-51.2463166634242,"0fa450e1-6e51-422d-89f8-36d2eac30455 | 5a02fa4a-98e6-4afa-92e9-5106216b72b0","niamey_10","Rien a signalé"
"187",-6.93503333330154,"5a02fa4a-98e6-4afa-92e9-5106216b72b0 | c70d81f8-f0d4-41e0-a716-4ebd86de18cf","niamey_10","Rien a signalé"
"188",-1244.25606667201,"c70d81f8-f0d4-41e0-a716-4ebd86de18cf | b7f6d515-28df-48e0-8029-cafe99f3df10","niamey_10","Rien a signalé"
"189",175.301849997044,"b7f6d515-28df-48e0-8029-cafe99f3df10 | 7f1abeb5-f232-46b3-aaed-66c8305e066d","niamey_10","l'enquete a commencé avant la fin de l'enquete precedente"
"190",-44.0472500006358,"7f1abeb5-f232-46b3-aaed-66c8305e066d | 65312a26-e101-4f8f-8f1e-24766f44096d","niamey_10","Rien a signalé"
"191",-16.7672500014305,"65312a26-e101-4f8f-8f1e-24766f44096d | 7c78c36c-6b93-4d4e-8c45-22ebfdc799a7","niamey_10","Rien a signalé"
"192",-1099.76231666803,"7c78c36c-6b93-4d4e-8c45-22ebfdc799a7 | e350902d-20bf-46c4-8c5a-2e16e04caa43","niamey_10","Rien a signalé"
"193",-12.9985500017802,"e350902d-20bf-46c4-8c5a-2e16e04caa43 | 6688dbc9-2d7d-4a72-b66d-250d6c3bb8ae","niamey_10","Rien a signalé"
"194",-13.5449000000954,"6688dbc9-2d7d-4a72-b66d-250d6c3bb8ae | 3ffc742f-b0ee-47b1-bfaa-797ac1258a3f","niamey_10","Rien a signalé"
"195",-22.977166668574,"3ffc742f-b0ee-47b1-bfaa-797ac1258a3f | e41360db-c64f-4dc9-94dc-0267f8d02466","niamey_10","Rien a signalé"
"196",-1275.23803333044,"e41360db-c64f-4dc9-94dc-0267f8d02466 | ef519194-d263-42e6-aa0d-53fcee46a26e","niamey_10","Rien a signalé"
"197",-8.28323333263397,"ef519194-d263-42e6-aa0d-53fcee46a26e | a3d182c9-7e37-4c9b-970e-c783a8ec97a0","niamey_10","Rien a signalé"
"198",-53.6627500017484,"a3d182c9-7e37-4c9b-970e-c783a8ec97a0 | 604145de-aa35-4ec2-bbd1-6b837b1d456f","niamey_10","Rien a signalé"
"199",-11.3665666659673,"604145de-aa35-4ec2-bbd1-6b837b1d456f | 3153e4c8-68f0-46ca-a3a0-f0dc4f9fd347","niamey_10","Rien a signalé"
"200",-22.5297166665395,"3153e4c8-68f0-46ca-a3a0-f0dc4f9fd347 | bc378a69-60b7-4d48-886d-a6a1f1755ab6","niamey_10","Rien a signalé"
"201",-1160.00441666444,"bc378a69-60b7-4d48-886d-a6a1f1755ab6 | 0b818278-2b2f-4240-9f7b-7412f2c3ff47","niamey_10","Rien a signalé"
"202",-7.0684999982516,"0b818278-2b2f-4240-9f7b-7412f2c3ff47 | 7d392ec6-1395-4927-af8d-116ddbaeefa2","niamey_10","Rien a signalé"
"203",-4.94576666355133,"7d392ec6-1395-4927-af8d-116ddbaeefa2 | 16fb65c0-e7a0-4882-b58c-028453579c53","niamey_10","temps entre deux enquetes succesives court"
"204",-12.9907666643461,"16fb65c0-e7a0-4882-b58c-028453579c53 | 337db44a-381e-4962-b694-f89550a03556","niamey_10","Rien a signalé"
"205",-10.0967333316803,"337db44a-381e-4962-b694-f89550a03556 | 4bfe7700-19ed-4a69-9ebe-5c489cd8bec4","niamey_10","Rien a signalé"
"206",-52.093866666158,"4bfe7700-19ed-4a69-9ebe-5c489cd8bec4 | 10233c7d-7afa-4290-8dee-056487cbdf51","niamey_10","Rien a signalé"
"207",-0.424566666285197,"ae2dc755-da0b-4ba0-b120-c481f3b3271e | 36e40dd8-d1f6-409f-8471-2f36772d5570","niamey_11","temps entre deux enquetes succesives court"
"208",-102.047216661771,"36e40dd8-d1f6-409f-8471-2f36772d5570 | 16fd14b4-1708-4571-9312-c8ed28461b7b","niamey_11","Rien a signalé"
"209",-2.30058333476384,"16fd14b4-1708-4571-9312-c8ed28461b7b | ad4aae09-b1e6-481a-8ee1-214019ace3f5","niamey_11","temps entre deux enquetes succesives court"
"210",-1116.56685000261,"ad4aae09-b1e6-481a-8ee1-214019ace3f5 | 303a58ab-e4a6-439a-a75f-dd0ace4f7204","niamey_11","Rien a signalé"
"211",-0.331083333492279,"303a58ab-e4a6-439a-a75f-dd0ace4f7204 | 2363c161-e27d-4eed-968e-2d2481a8646e","niamey_11","temps entre deux enquetes succesives court"
"212",-184.464199999968,"2363c161-e27d-4eed-968e-2d2481a8646e | ec452b30-fd94-41f0-8188-a5bc2f718f10","niamey_11","Rien a signalé"
"213",-1194.96894999743,"ec452b30-fd94-41f0-8188-a5bc2f718f10 | a70b04b4-de3e-4b93-b769-1798dd98899a","niamey_11","Rien a signalé"
"214",-3.92523333231608,"a70b04b4-de3e-4b93-b769-1798dd98899a | b5d1ccd6-07cb-4f4f-b9d6-e614a3bcacc4","niamey_11","temps entre deux enquetes succesives court"
"215",-132.116683332125,"b5d1ccd6-07cb-4f4f-b9d6-e614a3bcacc4 | 47f9d666-b4ee-40b2-9e22-29646aa9db3f","niamey_11","Rien a signalé"
"216",-1051.1489500006,"47f9d666-b4ee-40b2-9e22-29646aa9db3f | 9c0ceb99-703c-4b17-ac76-433553afe061","niamey_11","Rien a signalé"
"217",-9.14296666781108,"9c0ceb99-703c-4b17-ac76-433553afe061 | f95a3ca9-f37e-4448-bb4b-ce86a26372eb","niamey_11","Rien a signalé"
"218",-18.937466665109,"f95a3ca9-f37e-4448-bb4b-ce86a26372eb | 6f2a877a-dcd9-40a4-a6f0-e87062c77119","niamey_11","Rien a signalé"
"219",-23.0489333351453,"6f2a877a-dcd9-40a4-a6f0-e87062c77119 | 722075b4-6805-459c-b05d-2369743ba8b8","niamey_11","Rien a signalé"
"220",-64.2935000022252,"722075b4-6805-459c-b05d-2369743ba8b8 | d1257f82-5c75-42ad-aeb5-a1accfa7e2de","niamey_11","Rien a signalé"
"221",-1127.15673333009,"d1257f82-5c75-42ad-aeb5-a1accfa7e2de | 6e69b051-7c21-4cc8-a13e-9e8c433ecd4d","niamey_11","Rien a signalé"
"222",-17.242616669337,"6e69b051-7c21-4cc8-a13e-9e8c433ecd4d | 01a5c530-b3d7-4b5f-a0f9-805a505d50d3","niamey_11","Rien a signalé"
"223",-6.75754999717077,"01a5c530-b3d7-4b5f-a0f9-805a505d50d3 | f0a794c3-6476-432f-8edf-b1589e3f4a34","niamey_11","Rien a signalé"
"224",-49.5046500007312,"f0a794c3-6476-432f-8edf-b1589e3f4a34 | 39128f64-4ed8-4856-9d20-7e0e84310745","niamey_11","Rien a signalé"
"225",-7.15380000273387,"39128f64-4ed8-4856-9d20-7e0e84310745 | f62f2208-ff14-4236-83ce-462abeb7e568","niamey_11","Rien a signalé"
"226",-1179.9910833319,"f62f2208-ff14-4236-83ce-462abeb7e568 | e5c575f2-da56-4792-8b57-03196e41d017","niamey_11","Rien a signalé"
"227",-6.12013333638509,"e5c575f2-da56-4792-8b57-03196e41d017 | b74fbf78-3d6b-4b19-95eb-1338406606de","niamey_11","Rien a signalé"
"228",-8.95748333533605,"b74fbf78-3d6b-4b19-95eb-1338406606de | 04b02c0a-474f-4532-b3eb-d60849083900","niamey_11","Rien a signalé"
"229",-17.1553833325704,"04b02c0a-474f-4532-b3eb-d60849083900 | 693efc31-bab7-42f1-b1fd-49b78cb17404","niamey_11","Rien a signalé"
"230",-18.9578166683515,"693efc31-bab7-42f1-b1fd-49b78cb17404 | 2f055d72-ed18-4969-bf45-6b3dee62947a","niamey_11","Rien a signalé"
"231",-47.0576833327611,"2f055d72-ed18-4969-bf45-6b3dee62947a | 037fd68d-bfc0-45e5-969b-d0b364dd4f4c","niamey_11","Rien a signalé"
"232",-1.30341666936874,"8c5ddfa4-d8b0-4b56-a1cc-baf5088f9042 | fc22418f-31b3-45a7-9cca-19651dd73e22","niamey_12","temps entre deux enquetes succesives court"
"233",-58.1113999962807,"fc22418f-31b3-45a7-9cca-19651dd73e22 | a2550209-a464-47ce-9d0d-8da8f5f7e56b","niamey_12","Rien a signalé"
"234",-1132.46980000337,"a2550209-a464-47ce-9d0d-8da8f5f7e56b | 2da880df-9099-4dd9-ae9b-9348c0075ab2","niamey_12","Rien a signalé"
"235",-5.54088333447774,"2da880df-9099-4dd9-ae9b-9348c0075ab2 | d8139d48-5f05-46b1-ab2f-4feb6bf713c0","niamey_12","Rien a signalé"
"236",-2.9870666662852,"d8139d48-5f05-46b1-ab2f-4feb6bf713c0 | 83616cc7-81ba-46ef-a11c-4cc9cd8ca247","niamey_12","temps entre deux enquetes succesives court"
"237",-135.818983332316,"83616cc7-81ba-46ef-a11c-4cc9cd8ca247 | 16392a54-4628-4849-85af-fb64e6e37368","niamey_12","Rien a signalé"
"238",-1204.39670000076,"16392a54-4628-4849-85af-fb64e6e37368 | 37b938c1-2a00-4d0e-9979-8d211f2f2e7f","niamey_12","Rien a signalé"
"239",-41.3195500016212,"37b938c1-2a00-4d0e-9979-8d211f2f2e7f | 824cb5ae-9365-44ec-a05f-c4a8c7d62d34","niamey_12","Rien a signalé"
"240",-69.4503166675568,"824cb5ae-9365-44ec-a05f-c4a8c7d62d34 | 6a461e6c-f17f-42c7-b3df-3cc651d8f60a","niamey_12","Rien a signalé"
"241",-1089.17081666787,"6a461e6c-f17f-42c7-b3df-3cc651d8f60a | b31f32b3-fb2a-400e-a64a-3e5f14413889","niamey_12","Rien a signalé"
"242",-28.8486833333969,"b31f32b3-fb2a-400e-a64a-3e5f14413889 | 16bddac3-1f1d-4572-88be-91e4ad54ec70","niamey_12","Rien a signalé"
"243",-122.403133336703,"16bddac3-1f1d-4572-88be-91e4ad54ec70 | 193563c1-6d89-485c-90b4-cc34f4a6e8a8","niamey_12","Rien a signalé"
"244",-11.8600333293279,"193563c1-6d89-485c-90b4-cc34f4a6e8a8 | d2cbd672-8eb4-4ce3-a5b3-63fe988025fb","niamey_12","Rien a signalé"
"245",-1067.86306666533,"d2cbd672-8eb4-4ce3-a5b3-63fe988025fb | 2dc079c2-9133-4d0e-8596-7d7add375213","niamey_12","Rien a signalé"
"246",-3.94981666405996,"2dc079c2-9133-4d0e-8596-7d7add375213 | 41d4c2a5-5368-45d2-b6cd-feb7d132b322","niamey_12","temps entre deux enquetes succesives court"
"247",-94.4708333333333,"41d4c2a5-5368-45d2-b6cd-feb7d132b322 | 096affcb-b242-4b91-933f-d1e222166aba","niamey_12","Rien a signalé"
"248",-81.1086333354314,"096affcb-b242-4b91-933f-d1e222166aba | 34b446ab-4d9f-4ad8-902c-0b2dc325fc54","niamey_12","Rien a signalé"
"249",-1048.03600000143,"34b446ab-4d9f-4ad8-902c-0b2dc325fc54 | e2d796d3-2800-4e6c-a993-1e69f3753627","niamey_12","Rien a signalé"
"250",-8.60561666488647,"e2d796d3-2800-4e6c-a993-1e69f3753627 | f9c64c81-1919-45ef-bd6d-72229548578f","niamey_12","Rien a signalé"
"251",-18.7366499980291,"f9c64c81-1919-45ef-bd6d-72229548578f | 91a81099-81f1-4163-b6cf-2dc1b82d2dd3","niamey_12","Rien a signalé"
"252",-132.50235000054,"91a81099-81f1-4163-b6cf-2dc1b82d2dd3 | 5a78ee29-ff28-47c3-9043-05247d01bfe7","niamey_12","Rien a signalé"
"253",-4.89811666409175,"37f6c244-cb3a-46ab-8ac9-bda73df34ff2 | c1a2970d-dcc9-4908-a33e-cb9536623a3e","niamey_13","temps entre deux enquetes succesives court"
"254",-100.265799999237,"c1a2970d-dcc9-4908-a33e-cb9536623a3e | 9dfc0a11-4b5c-4c76-9308-b5f589f62576","niamey_13","Rien a signalé"
"255",-1128.38140000105,"9dfc0a11-4b5c-4c76-9308-b5f589f62576 | 5d8265c9-858e-4389-bfb9-a11a8fd24286","niamey_13","Rien a signalé"
"256",-4.98015000025431,"5d8265c9-858e-4389-bfb9-a11a8fd24286 | d408875e-a5ea-4c87-938c-9b146bfd2c85","niamey_13","temps entre deux enquetes succesives court"
"257",-166.414350001017,"d408875e-a5ea-4c87-938c-9b146bfd2c85 | e76fd8fb-64a1-4d7c-82d4-716296d70904","niamey_13","Rien a signalé"
"258",-1187.70471666654,"e76fd8fb-64a1-4d7c-82d4-716296d70904 | f2763c6a-cc3a-417e-97d4-ecd32761507e","niamey_13","Rien a signalé"
"259",-18.698916665713,"f2763c6a-cc3a-417e-97d4-ecd32761507e | 6db1bc72-760a-4ca3-8122-39633c4a78ad","niamey_13","Rien a signalé"
"260",-52.5643999973933,"6db1bc72-760a-4ca3-8122-39633c4a78ad | 7db8e530-b75d-4ae4-8d50-120e0db421a6","niamey_13","Rien a signalé"
"261",-5.01410000324249,"7db8e530-b75d-4ae4-8d50-120e0db421a6 | fee957f8-5166-4294-81d9-063c818add5e","niamey_13","Rien a signalé"
"262",-1026.00581666629,"fee957f8-5166-4294-81d9-063c818add5e | 1399ef4c-0c39-4952-bdc7-9946b5266b21","niamey_13","Rien a signalé"
"263",-31.9403333346049,"1399ef4c-0c39-4952-bdc7-9946b5266b21 | 71229a41-89bd-4c61-ab6c-3c7356c9b111","niamey_13","Rien a signalé"
"264",-125.415350000064,"71229a41-89bd-4c61-ab6c-3c7356c9b111 | ea4ac03a-28ef-4adb-9c71-9bfff5ed2c6d","niamey_13","Rien a signalé"
"265",-1093.91035000086,"ea4ac03a-28ef-4adb-9c71-9bfff5ed2c6d | 4167f820-2c89-4f7c-b213-d1203e21d6ce","niamey_13","Rien a signalé"
"266",-16.141616666317,"4167f820-2c89-4f7c-b213-d1203e21d6ce | d7b05c14-20a7-47f4-bb94-d7d6d5b8300b","niamey_13","Rien a signalé"
"267",-27.9384499986966,"d7b05c14-20a7-47f4-bb94-d7d6d5b8300b | cfddd8d1-0719-47dd-a295-717c9032b1c9","niamey_13","Rien a signalé"
"268",-1181.53678333759,"cfddd8d1-0719-47dd-a295-717c9032b1c9 | dac2bacf-7913-475a-9ec1-e503370e2277","niamey_13","Rien a signalé"
"269",-7.36471666495005,"dac2bacf-7913-475a-9ec1-e503370e2277 | 2bd7b6c5-7181-4ac8-90c7-5b87dc854338","niamey_13","Rien a signalé"
"270",-14.0832000017166,"2bd7b6c5-7181-4ac8-90c7-5b87dc854338 | d2de90e5-ed46-41ac-b722-e75443af4bb0","niamey_13","Rien a signalé"
"271",-14.4636833349864,"d2de90e5-ed46-41ac-b722-e75443af4bb0 | 35400128-7a38-4698-8bb6-1e0767501d0d","niamey_13","Rien a signalé"
"272",-21.2484333356222,"35400128-7a38-4698-8bb6-1e0767501d0d | 5c37438c-d127-455c-acc3-d520559ca93d","niamey_13","Rien a signalé"
"273",-11.8911166667938,"05562415-77e8-481b-a0ac-ba1502cdd37b | 5d7ae3ec-b164-4b9f-82d3-27eedaeafa06","niamey_14","Rien a signalé"
"274",-0.138116665681203,"5d7ae3ec-b164-4b9f-82d3-27eedaeafa06 | 1a1befff-47c8-4c89-832e-3394a1304d6b","niamey_14","temps entre deux enquetes succesives court"
"275",-1051.71436666648,"1a1befff-47c8-4c89-832e-3394a1304d6b | 86fa128f-a485-4b32-b826-b22470ed843c","niamey_14","Rien a signalé"
"276",-5.58646667003632,"86fa128f-a485-4b32-b826-b22470ed843c | 1eef2206-15fd-458e-a1c8-e514c65edf55","niamey_14","Rien a signalé"
"277",-57.9995833317439,"1eef2206-15fd-458e-a1c8-e514c65edf55 | f1abfd9c-c867-4507-b2f9-8c16af60a6a9","niamey_14","Rien a signalé"
"278",-4.22233333190282,"f1abfd9c-c867-4507-b2f9-8c16af60a6a9 | 6bae837d-36d4-4f66-aea6-c80801b95863","niamey_14","temps entre deux enquetes succesives court"
"279",-1245.67443333069,"6bae837d-36d4-4f66-aea6-c80801b95863 | ce335140-dc0f-4f13-a5df-ae21f2c8e290","niamey_14","Rien a signalé"
"280",-6.10428333282471,"ce335140-dc0f-4f13-a5df-ae21f2c8e290 | 96817620-d091-477b-8a7a-6f53a1844f72","niamey_14","Rien a signalé"
"281",-67.058450003465,"96817620-d091-477b-8a7a-6f53a1844f72 | bea92e54-a023-4a69-aaf6-8b2e3e0160a7","niamey_14","Rien a signalé"
"282",-7.89009999831518,"bea92e54-a023-4a69-aaf6-8b2e3e0160a7 | 55370b99-04ba-4c33-9c98-6d15eaf23837","niamey_14","Rien a signalé"
"283",-1142.50179999669,"55370b99-04ba-4c33-9c98-6d15eaf23837 | b0ae47ab-0212-428f-a955-b4848752a89c","niamey_14","Rien a signalé"
"284",-11.6459666689237,"b0ae47ab-0212-428f-a955-b4848752a89c | 553c3a3c-e3dc-41c6-8b58-c67d2d47d8c0","niamey_14","Rien a signalé"
"285",-8.74245000282923,"553c3a3c-e3dc-41c6-8b58-c67d2d47d8c0 | 63d2068a-cd62-4314-a6fa-6b03f7ce6729","niamey_14","Rien a signalé"
"286",-41.9171833356221,"63d2068a-cd62-4314-a6fa-6b03f7ce6729 | e9e7b06f-62c6-4096-a600-6c7e8196c539","niamey_14","Rien a signalé"
"287",-1254.96626666784,"e9e7b06f-62c6-4096-a600-6c7e8196c539 | f0c31b20-fcc4-4725-9728-e74323ff0835","niamey_14","Rien a signalé"
"288",-5.23261666695277,"f0c31b20-fcc4-4725-9728-e74323ff0835 | ed3c5546-2330-4fd9-8abb-311c4971bb3d","niamey_14","Rien a signalé"
"289",-9.78843333721161,"ed3c5546-2330-4fd9-8abb-311c4971bb3d | 45de7895-c75d-4d7d-a3f9-c36951ebea0d","niamey_14","Rien a signalé"
"290",-40.9392333348592,"45de7895-c75d-4d7d-a3f9-c36951ebea0d | 4169d4c7-cf66-4ef3-8a0c-8e51e0b1cf9e","niamey_14","Rien a signalé"
"291",-15.4866499980291,"4169d4c7-cf66-4ef3-8a0c-8e51e0b1cf9e | 9ac84eb9-70e9-4a5e-9d86-1ff6aadf299f","niamey_14","Rien a signalé"
"292",-1228.37019999822,"9ac84eb9-70e9-4a5e-9d86-1ff6aadf299f | 8b452881-89ca-435c-899d-c56ec6f20a64","niamey_14","Rien a signalé"
"293",-5.35015000104904,"8b452881-89ca-435c-899d-c56ec6f20a64 | 15a591f4-c01d-4695-adc6-f62469581565","niamey_14","Rien a signalé"
"294",-4.86779999732971,"15a591f4-c01d-4695-adc6-f62469581565 | f59c373d-90f4-4caf-b648-c109a33702cd","niamey_14","temps entre deux enquetes succesives court"
"295",-4.8569000005722,"f59c373d-90f4-4caf-b648-c109a33702cd | e9545e22-56da-4ccb-bc2d-bc27b190062e","niamey_14","temps entre deux enquetes succesives court"
"296",-8.39228333632151,"e9545e22-56da-4ccb-bc2d-bc27b190062e | c00ea075-4e9c-45f1-b632-7f781875b126","niamey_14","Rien a signalé"
"297",-9.90999999841054,"c00ea075-4e9c-45f1-b632-7f781875b126 | e947dede-3230-4aee-a009-ac2623101535","niamey_14","Rien a signalé"
"298",359.070366668701,"bcefe500-094d-43b7-a6bd-1f1ec0ebb376 | 729c21e8-505c-4125-a966-dc529480f21f","niamey_15","l'enquete a commencé avant la fin de l'enquete precedente"
"299",197.84596666495,"729c21e8-505c-4125-a966-dc529480f21f | 983bcf31-7857-427a-a716-0af38b80a804","niamey_15","l'enquete a commencé avant la fin de l'enquete precedente"
"300",120.086183333397,"983bcf31-7857-427a-a716-0af38b80a804 | 0febcd8a-5ce2-42ba-8ad4-3fce52e6faa5","niamey_15","l'enquete a commencé avant la fin de l'enquete precedente"
"301",-921.860366662343,"0febcd8a-5ce2-42ba-8ad4-3fce52e6faa5 | d7c730b9-6c7d-4c9b-9ddc-0f612dace0d4","niamey_15","Rien a signalé"
"302",447.123099998633,"d7c730b9-6c7d-4c9b-9ddc-0f612dace0d4 | ffb200bc-5c18-4a0a-b2e8-76ba1e5b80e8","niamey_15","l'enquete a commencé avant la fin de l'enquete precedente"
"303",407.676416667302,"ffb200bc-5c18-4a0a-b2e8-76ba1e5b80e8 | 0bafd825-b819-4c4e-92ab-183dce49bf36","niamey_15","l'enquete a commencé avant la fin de l'enquete precedente"
"304",-33.1992333332698,"0bafd825-b819-4c4e-92ab-183dce49bf36 | f5a2bd17-4e3f-4174-b1c2-f656103b4c02","niamey_15","Rien a signalé"
"305",-9.14170000155767,"f5a2bd17-4e3f-4174-b1c2-f656103b4c02 | caeb66e8-9327-4d05-95ab-9d1c57190d5c","niamey_15","Rien a signalé"
"306",-86.8429666678111,"caeb66e8-9327-4d05-95ab-9d1c57190d5c | b565601d-e8a6-4d52-afed-c2d7b7dc4b8e","niamey_15","Rien a signalé"
"307",-8.74029999574025,"b565601d-e8a6-4d52-afed-c2d7b7dc4b8e | 1fb016f9-4425-4461-992f-914fbceb4fdd","niamey_15","Rien a signalé"
"308",-1186.91184999943,"1fb016f9-4425-4461-992f-914fbceb4fdd | 597f5f94-110d-4b3a-a3fb-91e1dddbbf33","niamey_15","Rien a signalé"
"309",-68.6056333303452,"597f5f94-110d-4b3a-a3fb-91e1dddbbf33 | eecd3965-c5f5-4004-a446-42f6fd1a406b","niamey_15","Rien a signalé"
"310",-14.5985333363215,"eecd3965-c5f5-4004-a446-42f6fd1a406b | d0c0a5ee-f304-4017-b66a-22d6385e29d8","niamey_15","Rien a signalé"
"311",-1283.62374999921,"d0c0a5ee-f304-4017-b66a-22d6385e29d8 | 55b7c082-4317-4eb9-b2cd-f598716420d9","niamey_15","Rien a signalé"
"312",-50.1432000001272,"55b7c082-4317-4eb9-b2cd-f598716420d9 | 95d1890f-29e5-4ffb-8171-4d61f0355175","niamey_15","Rien a signalé"
"313",-20.6023333350817,"95d1890f-29e5-4ffb-8171-4d61f0355175 | 3b261570-40aa-4486-b1cb-fee7984d05c7","niamey_15","Rien a signalé"
"314",-9.89791666666667,"3b261570-40aa-4486-b1cb-fee7984d05c7 | 48d344e3-6c7b-4007-8443-38d7e9328204","niamey_15","Rien a signalé"
"315",-1250.22189999819,"48d344e3-6c7b-4007-8443-38d7e9328204 | b1b96a1e-b99c-4384-b7b8-80753eda98d3","niamey_15","Rien a signalé"
"316",-10.7267500003179,"b1b96a1e-b99c-4384-b7b8-80753eda98d3 | c0af19e5-75c4-40be-b7e4-0964e9798e9f","niamey_15","Rien a signalé"
"317",-56.7886500000954,"c0af19e5-75c4-40be-b7e4-0964e9798e9f | b1dd6dda-0cd9-4d38-a29b-012cd7f3035f","niamey_15","Rien a signalé"
"318",-5.69950000445048,"b1dd6dda-0cd9-4d38-a29b-012cd7f3035f | d363a1ad-63f8-488e-ae7b-bc0277949bf0","niamey_15","Rien a signalé"
"319",-4.66565000216166,"d363a1ad-63f8-488e-ae7b-bc0277949bf0 | 6270ec9c-30ae-413c-9fdd-d1903bf9bf72","niamey_15","temps entre deux enquetes succesives court"
"320",-110.721216666698,"6270ec9c-30ae-413c-9fdd-d1903bf9bf72 | 2ec1d433-b4cb-4a66-9cb4-fcf8c84b2931","niamey_15","Rien a signalé"
"321",-35.2073166648547,"e77e4521-c7bf-4f74-b1da-954b1af3da70 | 56212769-8bd2-4c61-975f-e08d2cb27ef6","niamey_16","Rien a signalé"
"322",-65.4187333345413,"56212769-8bd2-4c61-975f-e08d2cb27ef6 | 0187e10e-41e1-42eb-8d17-61bed9cc56ea","niamey_16","Rien a signalé"
"323",-1013.63870000045,"0187e10e-41e1-42eb-8d17-61bed9cc56ea | 5f6e3847-0787-4c4e-953a-f1235b10fb77","niamey_16","Rien a signalé"
"324",-18.5305999994278,"5f6e3847-0787-4c4e-953a-f1235b10fb77 | 0dafa596-b5f6-4264-8185-7c4bc952d461","niamey_16","Rien a signalé"
"325",-35.4968666672707,"0dafa596-b5f6-4264-8185-7c4bc952d461 | 1e94158b-2781-4e11-a2bc-f27bf91b1986","niamey_16","Rien a signalé"
"326",-78.2953166643779,"1e94158b-2781-4e11-a2bc-f27bf91b1986 | b18d931d-c72c-4982-87e1-931d60e9ad2a","niamey_16","Rien a signalé"
"327",-1200.65045000315,"b18d931d-c72c-4982-87e1-931d60e9ad2a | 05f9157a-33e5-4492-967d-ba2ce4712c8c","niamey_16","Rien a signalé"
"328",-13.6513666669528,"05f9157a-33e5-4492-967d-ba2ce4712c8c | 02e99fc5-0e52-4858-87a4-2a0badf2e4d6","niamey_16","Rien a signalé"
"329",-109.056266665459,"02e99fc5-0e52-4858-87a4-2a0badf2e4d6 | 9bd0a644-b2b4-40e8-9843-990f65689123","niamey_16","Rien a signalé"
"330",-14.2857833345731,"9bd0a644-b2b4-40e8-9843-990f65689123 | eba0006b-1e67-4216-99b6-b1891aeab00d","niamey_16","Rien a signalé"
"331",-1115.55431666374,"eba0006b-1e67-4216-99b6-b1891aeab00d | fe01ef83-bd4c-4482-85de-f0ecb0473c44","niamey_16","Rien a signalé"
"332",-13.7109166701635,"fe01ef83-bd4c-4482-85de-f0ecb0473c44 | 2b5f80d9-3a67-40d9-8794-62d9bae8b9e1","niamey_16","Rien a signalé"
"333",-20.0301833311717,"2b5f80d9-3a67-40d9-8794-62d9bae8b9e1 | c21e7c2a-a8ad-4067-a032-c71f0f74434e","niamey_16","Rien a signalé"
"334",-34.0194999972979,"c21e7c2a-a8ad-4067-a032-c71f0f74434e | b59f1b91-d888-46fb-b98c-a6daf9879c89","niamey_16","Rien a signalé"
"335",-1217.12846666574,"b59f1b91-d888-46fb-b98c-a6daf9879c89 | 9d2920e3-1a2a-446e-a902-11aedac1fe8d","niamey_16","Rien a signalé"
"336",-6.15239999691645,"9d2920e3-1a2a-446e-a902-11aedac1fe8d | c94a92ae-04fd-4471-856f-24ae5dfcfe3f","niamey_16","Rien a signalé"
"337",-99.051133330663,"c94a92ae-04fd-4471-856f-24ae5dfcfe3f | c675934c-851c-40c5-aba3-e8682f94d11c","niamey_16","Rien a signalé"
"338",-21.5025499979655,"c675934c-851c-40c5-aba3-e8682f94d11c | 8b43ea62-2be2-470b-a0a0-2969c593a3a9","niamey_16","Rien a signalé"
"339",-1155.73961666822,"8b43ea62-2be2-470b-a0a0-2969c593a3a9 | 0cd020f1-36ee-4067-920d-d38a2f8bbebb","niamey_16","Rien a signalé"
"340",-12.437650001049,"0cd020f1-36ee-4067-920d-d38a2f8bbebb | 0a0cb262-151e-4367-ad81-e241892dfde1","niamey_16","Rien a signalé"
"341",-23.0654000004133,"0a0cb262-151e-4367-ad81-e241892dfde1 | 66a91b3e-f7f4-4fe4-8d31-18688cd54315","niamey_16","Rien a signalé"
"342",-0.391733336448669,"66a91b3e-f7f4-4fe4-8d31-18688cd54315 | 9fbcae6a-594a-4502-8021-6ad360ffc47e","niamey_16","temps entre deux enquetes succesives court"
"343",-21.1256333311399,"9fbcae6a-594a-4502-8021-6ad360ffc47e | 21ee6947-d59f-4256-bf28-cdd3fec9c651","niamey_16","Rien a signalé"
"344",-3.80923333565394,"21ee6947-d59f-4256-bf28-cdd3fec9c651 | 49333462-3411-45de-8653-043d532427f5","niamey_16","temps entre deux enquetes succesives court"
"345",-6.71169999837875,"3ec8b9e2-a587-4a11-9dde-a471bb5e1cad | 0c4a0965-4e69-40ed-af39-b1f6d65ae1b3","niamey_2","Rien a signalé"
"346",-113.194316665332,"0c4a0965-4e69-40ed-af39-b1f6d65ae1b3 | 9ff7ab6b-950a-4b1e-b124-ffaf9a9e9965","niamey_2","Rien a signalé"
"347",-0.0875166654586792,"9ff7ab6b-950a-4b1e-b124-ffaf9a9e9965 | 8ec91bb4-6ec6-4e2d-b74a-bd94aad94b1e","niamey_2","temps entre deux enquetes succesives court"
"348",-1038.55001666546,"8ec91bb4-6ec6-4e2d-b74a-bd94aad94b1e | 26be9d72-e361-447f-94da-2043e6812f0b","niamey_2","Rien a signalé"
"349",-4.76803333361944,"26be9d72-e361-447f-94da-2043e6812f0b | 38b04fac-931a-4d4c-9422-1063eeca22c2","niamey_2","temps entre deux enquetes succesives court"
"350",-16.8433000008265,"38b04fac-931a-4d4c-9422-1063eeca22c2 | cccb8c91-3b58-4452-af4e-536796a34786","niamey_2","Rien a signalé"
"351",-4.93011666536331,"cccb8c91-3b58-4452-af4e-536796a34786 | 030432d6-d6d8-4270-9d24-30b75a6b37fb","niamey_2","temps entre deux enquetes succesives court"
"352",-1276.1439500014,"030432d6-d6d8-4270-9d24-30b75a6b37fb | 2cd3f311-c907-462d-bb41-c114de238a9f","niamey_2","Rien a signalé"
"353",-9.27294999758402,"2cd3f311-c907-462d-bb41-c114de238a9f | f5c9468a-991f-4d8b-b206-87f1e5ccb3e7","niamey_2","Rien a signalé"
"354",-69.5828999996185,"f5c9468a-991f-4d8b-b206-87f1e5ccb3e7 | a88894f4-2fa0-42bb-a18b-f2d3e431157b","niamey_2","Rien a signalé"
"355",-7.28530000050863,"a88894f4-2fa0-42bb-a18b-f2d3e431157b | 55970464-c6a4-452a-ae06-8305a45c8fcd","niamey_2","Rien a signalé"
"356",-1097.77256666819,"55970464-c6a4-452a-ae06-8305a45c8fcd | 12b71cff-1440-4131-9ab6-b3c1c545c7d6","niamey_2","Rien a signalé"
"357",-10.9305333336194,"12b71cff-1440-4131-9ab6-b3c1c545c7d6 | 0612722f-66b3-402d-a343-ad847b576004","niamey_2","Rien a signalé"
"358",-8.06223333676656,"0612722f-66b3-402d-a343-ad847b576004 | 90909967-c0d9-4880-a222-9cc3998b277d","niamey_2","Rien a signalé"
"359",-43.434316666921,"90909967-c0d9-4880-a222-9cc3998b277d | 14e14039-1ac1-4cad-9728-90bd6b10238c","niamey_2","Rien a signalé"
"360",-1120.6260166645,"14e14039-1ac1-4cad-9728-90bd6b10238c | 3ff83b01-fcf3-484c-a9c6-cd9c4f67a4a2","niamey_2","Rien a signalé"
"361",-17.6513833363851,"3ff83b01-fcf3-484c-a9c6-cd9c4f67a4a2 | f5973708-7a63-4baf-b9b3-a9e241b529fb","niamey_2","Rien a signalé"
"362",-52.2701000014941,"f5973708-7a63-4baf-b9b3-a9e241b529fb | d0f1fb9a-0726-4ad1-8e07-0eb7fddd2a1c","niamey_2","Rien a signalé"
"363",-0.995916664600372,"d0f1fb9a-0726-4ad1-8e07-0eb7fddd2a1c | fc53da44-a816-43da-b5f6-2c29be558c2a","niamey_2","temps entre deux enquetes succesives court"
"364",-1161.97465000153,"fc53da44-a816-43da-b5f6-2c29be558c2a | 2be56b4a-b758-4cea-a4b2-fa9a7cd681eb","niamey_2","Rien a signalé"
"365",-10.0131000002225,"2be56b4a-b758-4cea-a4b2-fa9a7cd681eb | 5cdf588b-a51c-405e-befb-4215ad9f6b63","niamey_2","Rien a signalé"
"366",-0.685933335622152,"5cdf588b-a51c-405e-befb-4215ad9f6b63 | 292730a5-e843-4d20-9ad4-5e233abe4f2c","niamey_2","temps entre deux enquetes succesives court"
"367",-23.0845499992371,"292730a5-e843-4d20-9ad4-5e233abe4f2c | 6bd4ca98-546a-4d66-82e7-73f55137cc18","niamey_2","Rien a signalé"
"368",-0.160283335049947,"6bd4ca98-546a-4d66-82e7-73f55137cc18 | 72d64ca4-452b-4a28-b9e3-27bf827e8419","niamey_2","temps entre deux enquetes succesives court"
"369",-1.65695000489553,"72d64ca4-452b-4a28-b9e3-27bf827e8419 | 9d2abdaf-a61f-422f-a1cf-9a312e9c0075","niamey_2","temps entre deux enquetes succesives court"
"370",-20.3809166669846,"b8911cbd-9e3e-4717-af51-8e1208967fd8 | 3f7af590-4129-47dd-9714-1b89a5954b0a","niamey_3","Rien a signalé"
"371",-80.2390999992688,"3f7af590-4129-47dd-9714-1b89a5954b0a | 446ce202-c318-4ca8-be34-132ff05fd124","niamey_3","Rien a signalé"
"372",-14.2755333304405,"446ce202-c318-4ca8-be34-132ff05fd124 | 83dfb636-d2c3-44c0-933b-5286c2d26198","niamey_3","Rien a signalé"
"373",-1015.72554999987,"83dfb636-d2c3-44c0-933b-5286c2d26198 | f60db668-f9b1-49da-97a2-9c9f93ebd1a6","niamey_3","Rien a signalé"
"374",-19.3474333365758,"f60db668-f9b1-49da-97a2-9c9f93ebd1a6 | 944eb272-f3e4-44b9-a2dd-40a59217e1d6","niamey_3","Rien a signalé"
"375",-23.1772500038147,"944eb272-f3e4-44b9-a2dd-40a59217e1d6 | e17b4017-8ed8-472c-b24a-b5392e07d144","niamey_3","Rien a signalé"
"376",-14.8139000018438,"e17b4017-8ed8-472c-b24a-b5392e07d144 | 99f4239f-249b-4b51-b4c4-cf2d5329d83c","niamey_3","Rien a signalé"
"377",-1297.209466664,"99f4239f-249b-4b51-b4c4-cf2d5329d83c | 4b90d08b-ca6c-436c-a426-f85bbad3b16c","niamey_3","Rien a signalé"
"378",-24.5444833358129,"4b90d08b-ca6c-436c-a426-f85bbad3b16c | 673d8039-d574-4e73-9238-7001c7d6cbe0","niamey_3","Rien a signalé"
"379",-48.47821666797,"673d8039-d574-4e73-9238-7001c7d6cbe0 | 3553eccc-6770-4ddb-b2b5-a60bb9b5f99c","niamey_3","Rien a signalé"
"380",-4.61699999968211,"3553eccc-6770-4ddb-b2b5-a60bb9b5f99c | 353287da-3ad5-48e8-aa73-eb71c761514f","niamey_3","temps entre deux enquetes succesives court"
"381",-1074.1659166654,"353287da-3ad5-48e8-aa73-eb71c761514f | f85ef5d4-e64d-429d-847c-d718115bdfaf","niamey_3","Rien a signalé"
"382",-11.3651333332062,"f85ef5d4-e64d-429d-847c-d718115bdfaf | f1f06ec1-6509-4e5f-8866-ac18860b82fe","niamey_3","Rien a signalé"
"383",-14.1789499998093,"f1f06ec1-6509-4e5f-8866-ac18860b82fe | 3a854d05-f81f-4658-b8c8-5bea3df32bd2","niamey_3","Rien a signalé"
"384",-51.5175666650136,"3a854d05-f81f-4658-b8c8-5bea3df32bd2 | a6e7fe0f-3d97-4372-85a6-c4095e3f4c55","niamey_3","Rien a signalé"
"385",-1203.12881666422,"a6e7fe0f-3d97-4372-85a6-c4095e3f4c55 | 65010c22-6852-42de-bd2f-52cc79ad8307","niamey_3","Rien a signalé"
"386",-17.24375,"65010c22-6852-42de-bd2f-52cc79ad8307 | 3ef1bd34-84bf-4265-9d30-c46b37daef00","niamey_3","Rien a signalé"
"387",-19.9348166704178,"3ef1bd34-84bf-4265-9d30-c46b37daef00 | 5d8f108f-98b0-4777-99b7-859032a3b316","niamey_3","Rien a signalé"
"388",-13.1420666654905,"5d8f108f-98b0-4777-99b7-859032a3b316 | 9074a15b-ee69-451b-8cfe-f60b06a7141f","niamey_3","Rien a signalé"
"389",-1280.33866666555,"9074a15b-ee69-451b-8cfe-f60b06a7141f | 93057e49-5b2a-4fc1-9f51-ad906bb71bec","niamey_3","Rien a signalé"
"390",-13.1728500008583,"93057e49-5b2a-4fc1-9f51-ad906bb71bec | ea8ce6d8-f96d-4d3c-90d2-787efcaf7dbf","niamey_3","Rien a signalé"
"391",-45.7768166621526,"ea8ce6d8-f96d-4d3c-90d2-787efcaf7dbf | 81a869a6-64aa-4587-a08e-3d9ac4996b24","niamey_3","Rien a signalé"
"392",-31.3201500018438,"81a869a6-64aa-4587-a08e-3d9ac4996b24 | 643c3f7e-2be6-41a0-a50c-b476da3ffe4a","niamey_3","Rien a signalé"
"393",-26.9684333324432,"643c3f7e-2be6-41a0-a50c-b476da3ffe4a | f112af5c-69ba-4c36-886a-0b71141be00e","niamey_3","Rien a signalé"
"394",-14.3004500031471,"fc29fb29-d27e-499e-a835-def28b70a2ab | 9a72406b-4c66-451e-acf2-c9a6bc0bc5de","niamey_4","Rien a signalé"
"395",-114.662266667684,"9a72406b-4c66-451e-acf2-c9a6bc0bc5de | 1c148d71-4ad8-4d88-a011-ac8334571241","niamey_4","Rien a signalé"
"396",-46.3421833356222,"1c148d71-4ad8-4d88-a011-ac8334571241 | 9d465a6a-f823-4488-a672-6b631a590427","niamey_4","Rien a signalé"
"397",-1114.82136666775,"9d465a6a-f823-4488-a672-6b631a590427 | c6ac651f-d7e4-40f5-979a-39b05af53d37","niamey_4","Rien a signalé"
"398",30.9570833325386,"c6ac651f-d7e4-40f5-979a-39b05af53d37 | 5671faa0-ae9c-4b7f-a908-39aae8017f79","niamey_4","l'enquete a commencé avant la fin de l'enquete precedente"
"399",-96.3389000018438,"5671faa0-ae9c-4b7f-a908-39aae8017f79 | c0ede704-0073-4117-a6a1-32ceb0031a55","niamey_4","Rien a signalé"
"400",-2.20539999802907,"c0ede704-0073-4117-a6a1-32ceb0031a55 | 9494b172-a4ba-49b8-9082-eac8921d961b","niamey_4","temps entre deux enquetes succesives court"
"401",-1224.61173333327,"9494b172-a4ba-49b8-9082-eac8921d961b | 90ea38db-a0fd-459f-b4e3-27793888b189","niamey_4","Rien a signalé"
"402",-31.5891833345095,"90ea38db-a0fd-459f-b4e3-27793888b189 | e567e488-1fcd-40a7-874d-5bf878b262c0","niamey_4","Rien a signalé"
"403",-46.7338500022888,"e567e488-1fcd-40a7-874d-5bf878b262c0 | 0b9b7f6d-0476-4815-a1fc-dc5548365062","niamey_4","Rien a signalé"
"404",-38.1432166695595,"0b9b7f6d-0476-4815-a1fc-dc5548365062 | ebdcebb4-5185-4f82-9939-f493d911573a","niamey_4","Rien a signalé"
"405",-1175.57456666629,"ebdcebb4-5185-4f82-9939-f493d911573a | bc95a2f6-654a-4e27-a04c-960d912bb172","niamey_4","Rien a signalé"
"406",-22.8385833303134,"bc95a2f6-654a-4e27-a04c-960d912bb172 | f90e03be-1b81-458a-a288-4ee00fd95f23","niamey_4","Rien a signalé"
"407",-78.8415000041326,"f90e03be-1b81-458a-a288-4ee00fd95f23 | f52afefc-64b6-4059-b410-4b49dde3aa37","niamey_4","Rien a signalé"
"408",-1209.22513333559,"f52afefc-64b6-4059-b410-4b49dde3aa37 | f2b6acde-7fa4-40a9-a593-507cf98ebb26","niamey_4","Rien a signalé"
"409",-21.6927666664124,"f2b6acde-7fa4-40a9-a593-507cf98ebb26 | 09eb6f53-ac33-4dd1-9f64-743147990cee","niamey_4","Rien a signalé"
"410",-28.9568166653315,"09eb6f53-ac33-4dd1-9f64-743147990cee | fc35450a-9c16-46a1-8ebe-40587166064b","niamey_4","Rien a signalé"
"411",-23.8988333304723,"fc35450a-9c16-46a1-8ebe-40587166064b | 86474797-8780-4549-bf6f-44af32e07307","niamey_4","Rien a signalé"
"412",-1216.00383333365,"86474797-8780-4549-bf6f-44af32e07307 | d310d719-2b69-4365-b1ff-b5529bb98a9d","niamey_4","Rien a signalé"
"413",-8.25149999856949,"d310d719-2b69-4365-b1ff-b5529bb98a9d | a9ab4a9c-0915-4bc8-bc34-d310b98cfa0c","niamey_4","Rien a signalé"
"414",-0.412216667334239,"a9ab4a9c-0915-4bc8-bc34-d310b98cfa0c | a2946183-8cb5-4472-966f-65ad34d04390","niamey_4","temps entre deux enquetes succesives court"
"415",-47.4707666714986,"a2946183-8cb5-4472-966f-65ad34d04390 | 25a8a68d-e71f-42b8-ac42-7699a7fb15f9","niamey_4","Rien a signalé"
"416",-30.3316666642825,"25a8a68d-e71f-42b8-ac42-7699a7fb15f9 | 9ba6eac2-6377-47f0-936f-7f4f88598e0d","niamey_4","Rien a signalé"
"417",392.227633333206,"1ff66e14-2234-4165-afa0-d7346457d55a | 68365bdd-fd56-429f-9776-01c4937ef14f","niamey_5","l'enquete a commencé avant la fin de l'enquete precedente"
"418",239.936216668288,"68365bdd-fd56-429f-9776-01c4937ef14f | 93b289b3-fd97-4401-9f0d-5ac31e073166","niamey_5","l'enquete a commencé avant la fin de l'enquete precedente"
"419",158.430166665713,"93b289b3-fd97-4401-9f0d-5ac31e073166 | 51d573db-85df-450f-a3c7-172421f7df1a","niamey_5","l'enquete a commencé avant la fin de l'enquete precedente"
"420",-972.266116666794,"51d573db-85df-450f-a3c7-172421f7df1a | 8821c0a9-5ac0-4e25-9087-a7bc58f3d00a","niamey_5","Rien a signalé"
"421",-22.0876333316167,"8821c0a9-5ac0-4e25-9087-a7bc58f3d00a | b3a58602-a734-4c98-85b3-110a1783e7d7","niamey_5","Rien a signalé"
"422",-31.1854999979337,"b3a58602-a734-4c98-85b3-110a1783e7d7 | d78e2bc2-606e-472a-8ae5-9b3316826447","niamey_5","Rien a signalé"
"423",-12.8463500022888,"d78e2bc2-606e-472a-8ae5-9b3316826447 | 1a3e34c8-78dd-4c4a-b3d6-606b770f9506","niamey_5","Rien a signalé"
"424",-1312.84206666946,"1a3e34c8-78dd-4c4a-b3d6-606b770f9506 | 7b90f2ba-0cb8-4fb6-8aed-869556226095","niamey_5","Rien a signalé"
"425",-21.0434499979019,"7b90f2ba-0cb8-4fb6-8aed-869556226095 | a47eee4a-9400-44d4-af2a-1efec3d9b7ac","niamey_5","Rien a signalé"
"426",-99.7101166645686,"a47eee4a-9400-44d4-af2a-1efec3d9b7ac | 887301d9-bfb2-4431-941b-40e5e882074f","niamey_5","Rien a signalé"
"427",-1152.34861666759,"887301d9-bfb2-4431-941b-40e5e882074f | 68de3a40-9268-4f91-87b0-83b5a3b9e9d8","niamey_5","Rien a signalé"
"428",-19.5975166638692,"68de3a40-9268-4f91-87b0-83b5a3b9e9d8 | 79bb9458-9873-4b52-8b26-ea7695e385ef","niamey_5","Rien a signalé"
"429",-125.925533334414,"79bb9458-9873-4b52-8b26-ea7695e385ef | 13f40cd3-0a78-4b29-8502-146ef38bbef2","niamey_5","Rien a signalé"
"430",-3.16383333206177,"13f40cd3-0a78-4b29-8502-146ef38bbef2 | 28134729-befd-4d1c-9a51-47ebfff72bbf","niamey_5","temps entre deux enquetes succesives court"
"431",-1141.88919999997,"28134729-befd-4d1c-9a51-47ebfff72bbf | 5f7c79de-deac-4eb2-9c40-647230cee0ce","niamey_5","Rien a signalé"
"432",-8.637533334891,"5f7c79de-deac-4eb2-9c40-647230cee0ce | 04881a44-2240-44d6-91c3-c83af5ab70b9","niamey_5","Rien a signalé"
"433",-24.9713333328565,"04881a44-2240-44d6-91c3-c83af5ab70b9 | 9e05799f-b65a-4919-9027-1a93d5027bbf","niamey_5","Rien a signalé"
"434",-13.9781500021617,"9e05799f-b65a-4919-9027-1a93d5027bbf | d03de158-b171-4755-a977-52ea25c83d10","niamey_5","Rien a signalé"
"435",-1222.10181666613,"d03de158-b171-4755-a977-52ea25c83d10 | 80f413bc-b1ec-43a0-b1e5-420c12eedf32","niamey_5","Rien a signalé"
"436",-17.4426999966303,"80f413bc-b1ec-43a0-b1e5-420c12eedf32 | fa38d95a-7cc1-48f6-b6ff-f66424c83af8","niamey_5","Rien a signalé"
"437",-27.943900001049,"fa38d95a-7cc1-48f6-b6ff-f66424c83af8 | 24d1f7bc-b0e1-4c80-be1f-547ad938baa9","niamey_5","Rien a signalé"
"438",-53.5779500007629,"24d1f7bc-b0e1-4c80-be1f-547ad938baa9 | acb5e1f5-8a8f-4865-97de-3206d62741da","niamey_5","Rien a signalé"
"439",-65.3988833347956,"acb5e1f5-8a8f-4865-97de-3206d62741da | 5dfafb53-b3f3-4c52-939b-18731f22f5ed","niamey_5","Rien a signalé"
"440",44.3849333365758,"ee24f0ba-1024-4f0e-aea8-261f8aad8e65 | b5aa0120-dc5e-4f5a-b5bd-3f25c74c5a5a","niamey_6","l'enquete a commencé avant la fin de l'enquete precedente"
"441",-59.6776666680972,"b5aa0120-dc5e-4f5a-b5bd-3f25c74c5a5a | 9f1136e6-dc40-4269-b4f5-063d95f84707","niamey_6","Rien a signalé"
"442",-33.0977500001589,"9f1136e6-dc40-4269-b4f5-063d95f84707 | 4eef92c0-9f0d-43b2-b5d8-415ccb47f897","niamey_6","Rien a signalé"
"443",-1037.59988333384,"4eef92c0-9f0d-43b2-b5d8-415ccb47f897 | 1a15a9cb-1dbd-48ba-85a1-1104e7a41f0d","niamey_6","Rien a signalé"
"444",-38.9467333356539,"1a15a9cb-1dbd-48ba-85a1-1104e7a41f0d | 8f4845bd-9c29-44df-b9cc-e2cd758532c8","niamey_6","Rien a signalé"
"445",-26.3633666674296,"8f4845bd-9c29-44df-b9cc-e2cd758532c8 | 05278706-d84f-4bb8-899e-1b86d1856fdb","niamey_6","Rien a signalé"
"446",-61.5479166666667,"05278706-d84f-4bb8-899e-1b86d1856fdb | a6eefc73-b791-4231-a15b-acc029be615a","niamey_6","Rien a signalé"
"447",-1142.84038333098,"a6eefc73-b791-4231-a15b-acc029be615a | b97d1523-dc29-478a-8947-1774defae771","niamey_6","Rien a signalé"
"448",-13.5273833354314,"b97d1523-dc29-478a-8947-1774defae771 | 9ffd70e7-0948-422a-86f3-7840761863f1","niamey_6","Rien a signalé"
"449",-142.906616667906,"9ffd70e7-0948-422a-86f3-7840761863f1 | 3a05697a-e5cd-4c7d-8eee-7d50482986c7","niamey_6","Rien a signalé"
"450",-7.15880000193914,"3a05697a-e5cd-4c7d-8eee-7d50482986c7 | 081f5de6-14e8-4d06-a55a-5907bd6f698e","niamey_6","Rien a signalé"
"451",-1098.79331666629,"081f5de6-14e8-4d06-a55a-5907bd6f698e | adaf650f-39b6-413b-8320-0b9bb9902fa8","niamey_6","Rien a signalé"
"452",-3.86781666676203,"adaf650f-39b6-413b-8320-0b9bb9902fa8 | 14496638-cee8-4cf8-bf17-0930ad76e349","niamey_6","temps entre deux enquetes succesives court"
"453",-8.94690000216166,"14496638-cee8-4cf8-bf17-0930ad76e349 | 8bd230c5-d062-407a-a1a8-b3275fce826a","niamey_6","Rien a signalé"
"454",-0.640600001811981,"8bd230c5-d062-407a-a1a8-b3275fce826a | 7e004ea9-89c4-4651-ad0b-f2cf0bcbaa26","niamey_6","temps entre deux enquetes succesives court"
"455",-55.626133330663,"7e004ea9-89c4-4651-ad0b-f2cf0bcbaa26 | 1f6eadfc-8a74-4888-bb1a-952938210fe3","niamey_6","Rien a signalé"
"456",-16.3796833316485,"1f6eadfc-8a74-4888-bb1a-952938210fe3 | 10b06fe9-2747-432e-a041-cd0341d67d56","niamey_6","Rien a signalé"
"457",-10.3486000021299,"1eb052c3-fb01-4153-87ea-18ac30942044 | 141fcf21-169b-4c9d-8175-6f16002ef4d6","niamey_7","Rien a signalé"
"458",-45.8388500014941,"141fcf21-169b-4c9d-8175-6f16002ef4d6 | ca3dbe14-d368-4c82-b2d5-11c863d5e9c2","niamey_7","Rien a signalé"
"459",-0.14828333457311,"ca3dbe14-d368-4c82-b2d5-11c863d5e9c2 | 29a7dbf4-d18d-4648-8d81-f60dec80620b","niamey_7","temps entre deux enquetes succesives court"
"460",-1093.22914999723,"29a7dbf4-d18d-4648-8d81-f60dec80620b | 2eff461b-8bec-4811-97ad-f4a22ae02901","niamey_7","Rien a signalé"
"461",-2.98973333438237,"2eff461b-8bec-4811-97ad-f4a22ae02901 | f27a9af3-56e6-4e42-ad4a-9d5ea34886b0","niamey_7","temps entre deux enquetes succesives court"
"462",-176.928283329805,"f27a9af3-56e6-4e42-ad4a-9d5ea34886b0 | b45f9641-8f8e-4dd8-a903-331105904b39","niamey_7","Rien a signalé"
"463",-1191.61586666902,"b45f9641-8f8e-4dd8-a903-331105904b39 | 2f6159e3-9743-46c6-b931-883eda9eb712","niamey_7","Rien a signalé"
"464",-9.75103333791097,"2f6159e3-9743-46c6-b931-883eda9eb712 | d63be0b6-a37c-49ab-bd58-c8170e50bcee","niamey_7","Rien a signalé"
"465",-118.522450002035,"d63be0b6-a37c-49ab-bd58-c8170e50bcee | 1891c2bb-3d4b-4c00-9a36-293e292a9fdb","niamey_7","Rien a signalé"
"466",-7.26048333247503,"1891c2bb-3d4b-4c00-9a36-293e292a9fdb | 16b51be2-7dee-45dd-a952-27760099420f","niamey_7","Rien a signalé"
"467",-1007.97140000264,"16b51be2-7dee-45dd-a952-27760099420f | c908498b-9a42-4894-9fda-a1dd4b499ed8","niamey_7","Rien a signalé"
"468",-10.7310833334923,"c908498b-9a42-4894-9fda-a1dd4b499ed8 | ebe7a0c2-eaf0-4ad8-b894-0ab671682cde","niamey_7","Rien a signalé"
"469",-27.6024166703224,"ebe7a0c2-eaf0-4ad8-b894-0ab671682cde | 50190e0c-1966-4476-8b8b-a967911190ed","niamey_7","Rien a signalé"
"470",-15.8737499992053,"50190e0c-1966-4476-8b8b-a967911190ed | a708f0ee-7a61-41a1-8d52-63800d5548c5","niamey_7","Rien a signalé"
"471",-25.3544833302498,"a708f0ee-7a61-41a1-8d52-63800d5548c5 | b5823430-a750-4bb4-95c3-a09b16d65ff5","niamey_7","Rien a signalé"
"472",-1110.93125,"b5823430-a750-4bb4-95c3-a09b16d65ff5 | 521dbe90-2718-4183-b7c8-00e9a5f13765","niamey_7","Rien a signalé"
"473",-17.554116666317,"521dbe90-2718-4183-b7c8-00e9a5f13765 | c84fd4e3-5b10-4e6b-bded-f1f97816f714","niamey_7","Rien a signalé"
"474",-73.8412833293279,"c84fd4e3-5b10-4e6b-bded-f1f97816f714 | 249a84f0-5e15-4dfe-8c7d-7d47fdef9243","niamey_7","Rien a signalé"
"475",-25.7202333331108,"249a84f0-5e15-4dfe-8c7d-7d47fdef9243 | ee1d2428-3ad8-4ce7-8cb1-93906ad6f33d","niamey_7","Rien a signalé"
"476",-1103.82073333263,"ee1d2428-3ad8-4ce7-8cb1-93906ad6f33d | d34b4fe4-c337-4f32-8816-83b4de259c04","niamey_7","Rien a signalé"
"477",-8.77195000251134,"d34b4fe4-c337-4f32-8816-83b4de259c04 | ae163f98-ab58-4120-b9ca-b32e03d911b4","niamey_7","Rien a signalé"
"478",-11.8724166671435,"ae163f98-ab58-4120-b9ca-b32e03d911b4 | ce598a62-968c-436d-8d42-d1f3a72c8f28","niamey_7","Rien a signalé"
"479",-6.5287833293279,"ce598a62-968c-436d-8d42-d1f3a72c8f28 | 6c5853b6-e19e-4366-b0c7-0c0740702c7e","niamey_7","Rien a signalé"
"480",-8.67681666612625,"6c5853b6-e19e-4366-b0c7-0c0740702c7e | 55ebd595-e02d-48a7-8d35-d51bbc53b1b0","niamey_7","Rien a signalé"
"481",-62.4660333315531,"55ebd595-e02d-48a7-8d35-d51bbc53b1b0 | bf7b271d-8285-4116-89de-350049ba5ac8","niamey_7","Rien a signalé"
"482",114.427833334605,"e497a1a4-8ea6-4cea-b6aa-d7db8a67e5d2 | 5d6f7baa-18cf-4306-9577-035b9fb05a9b","niamey_8","l'enquete a commencé avant la fin de l'enquete precedente"
"483",68.0649666666985,"5d6f7baa-18cf-4306-9577-035b9fb05a9b | 57060d37-7ed8-4fd2-a7be-6b7bd08519d2","niamey_8","l'enquete a commencé avant la fin de l'enquete precedente"
"484",-1164.74123333295,"57060d37-7ed8-4fd2-a7be-6b7bd08519d2 | ea2f4b91-7992-47a1-b2b8-deef3b2d2c5d","niamey_8","Rien a signalé"
"485",34.0083500027657,"ea2f4b91-7992-47a1-b2b8-deef3b2d2c5d | bcda098c-f639-4b0f-ba92-fda66a0ecc5e","niamey_8","l'enquete a commencé avant la fin de l'enquete precedente"
"486",-75.2593666672707,"bcda098c-f639-4b0f-ba92-fda66a0ecc5e | 1f256875-2bea-4c6e-9e3c-b4bd2bdf53b9","niamey_8","Rien a signalé"
"487",-4.37663333415985,"1f256875-2bea-4c6e-9e3c-b4bd2bdf53b9 | d4496956-2093-44b0-855d-95edd0826269","niamey_8","temps entre deux enquetes succesives court"
"488",-1244.74198333422,"d4496956-2093-44b0-855d-95edd0826269 | 9b446238-a5d7-407f-a336-cd4cc2e1b9dd","niamey_8","Rien a signalé"
"489",-8.73399999936422,"9b446238-a5d7-407f-a336-cd4cc2e1b9dd | 72d43aab-c210-4206-84ca-827437fb1214","niamey_8","Rien a signalé"
"490",-62.3182833353678,"72d43aab-c210-4206-84ca-827437fb1214 | 50b89dbe-6ffe-4164-bbbe-ecbc85d4a81b","niamey_8","Rien a signalé"
"491",-60.554183336099,"50b89dbe-6ffe-4164-bbbe-ecbc85d4a81b | 5a7ad84f-d8d6-4ca6-bf29-79d6fc2b8d30","niamey_8","Rien a signalé"
"492",-1164.72593333324,"5a7ad84f-d8d6-4ca6-bf29-79d6fc2b8d30 | 6d562690-5f45-4102-89c4-84e0b02a1dc6","niamey_8","Rien a signalé"
"493",-6.42986666758855,"6d562690-5f45-4102-89c4-84e0b02a1dc6 | 62ef3de1-95c1-470b-8f00-68af69705f86","niamey_8","Rien a signalé"
"494",-15.8265500028928,"62ef3de1-95c1-470b-8f00-68af69705f86 | ce6b294c-04bc-45a1-85ba-4a830bdb979b","niamey_8","Rien a signalé"
"495",-1211.041383334,"ce6b294c-04bc-45a1-85ba-4a830bdb979b | 27be0566-a5de-47a3-b8a0-403850cbc314","niamey_8","Rien a signalé"
"496",-11.6592166662216,"27be0566-a5de-47a3-b8a0-403850cbc314 | 5f6d0c31-ad44-4db0-b13a-a706eff616ea","niamey_8","Rien a signalé"
"497",-56.3034833351771,"5f6d0c31-ad44-4db0-b13a-a706eff616ea | ffd31b0d-616b-4620-81fb-f3bf38ccd630","niamey_8","Rien a signalé"
"498",-7.0340499997139,"ffd31b0d-616b-4620-81fb-f3bf38ccd630 | 81a81b37-f593-4b7e-8259-207381ca8fb9","niamey_8","Rien a signalé"
"499",-1238.52193333308,"81a81b37-f593-4b7e-8259-207381ca8fb9 | dd66bff4-99bc-44c1-8e49-a0d0388c6087","niamey_8","Rien a signalé"
"500",-62.6899666706721,"dd66bff4-99bc-44c1-8e49-a0d0388c6087 | b1e451e9-a0e9-4b86-8e42-121f83a3f403","niamey_8","Rien a signalé"
"501",-5.67423333326975,"b1e451e9-a0e9-4b86-8e42-121f83a3f403 | 81691a20-3414-45c3-91cf-457165787dd2","niamey_8","Rien a signalé"
"502",-52.8447333335876,"81691a20-3414-45c3-91cf-457165787dd2 | c05f27e5-ac05-4f78-b04e-0a3adca75063","niamey_8","Rien a signalé"
"503",-75.2534499963125,"c05f27e5-ac05-4f78-b04e-0a3adca75063 | 138883c8-0c5c-4491-92f9-2a3f7eaec5ab","niamey_8","Rien a signalé"
"504",-0.116949999332428,"1c760fd1-f8a2-4ed6-a1a4-5bfb4e37bfc2 | 5bc27a00-ce09-4d21-b5dd-33ff04e43d9d","niamey_9","temps entre deux enquetes succesives court"
"505",-19.3272166689237,"5bc27a00-ce09-4d21-b5dd-33ff04e43d9d | 1a2f687a-c56a-493b-bb96-9fcb9383fe6d","niamey_9","Rien a signalé"
"506",-1018.54005000194,"1a2f687a-c56a-493b-bb96-9fcb9383fe6d | 9ff2aac4-36fc-4c8c-b934-3f47971451de","niamey_9","Rien a signalé"
"507",-10.4178333322207,"9ff2aac4-36fc-4c8c-b934-3f47971451de | 143e0557-2d7e-42f1-aa9e-e54f2a4d52bd","niamey_9","Rien a signalé"
"508",-72.886483335495,"143e0557-2d7e-42f1-aa9e-e54f2a4d52bd | 34417046-39c6-44ba-8788-e2224885a6b5","niamey_9","Rien a signalé"
"509",-7.12938333352407,"34417046-39c6-44ba-8788-e2224885a6b5 | a9d2796f-b5c7-41c4-8b51-d7dce13b5777","niamey_9","Rien a signalé"
"510",-1243.81163333257,"a9d2796f-b5c7-41c4-8b51-d7dce13b5777 | fb7a62d7-e6b2-4cb6-a8e0-3737772ca2b7","niamey_9","Rien a signalé"
"511",-12.0723666667938,"fb7a62d7-e6b2-4cb6-a8e0-3737772ca2b7 | 8fff406c-dc2a-48ec-8dcb-b843b2ddd9e3","niamey_9","Rien a signalé"
"512",-69.7306333303452,"8fff406c-dc2a-48ec-8dcb-b843b2ddd9e3 | 78b443f3-f99c-4f74-8343-4701526abf51","niamey_9","Rien a signalé"
"513",-6.85010000069936,"78b443f3-f99c-4f74-8343-4701526abf51 | 3d5a4b51-cd56-431e-aece-3403d7f5a2d3","niamey_9","Rien a signalé"
"514",-1138.48031666676,"3d5a4b51-cd56-431e-aece-3403d7f5a2d3 | 78cfa73e-8d9a-40c1-b630-df0faa7c220b","niamey_9","Rien a signalé"
"515",-18.6827166676521,"78cfa73e-8d9a-40c1-b630-df0faa7c220b | 8b71c625-9bb3-49a1-b6fc-c27a6e1da0f4","niamey_9","Rien a signalé"
"516",-17.6400000015895,"8b71c625-9bb3-49a1-b6fc-c27a6e1da0f4 | 0af483cc-00fb-40d8-9579-fd3745a44101","niamey_9","Rien a signalé"
"517",-1298.34966666698,"0af483cc-00fb-40d8-9579-fd3745a44101 | 3bf8ecb9-fc5e-4b26-b362-52311cfd8aa6","niamey_9","Rien a signalé"
"518",-7.89041666984558,"3bf8ecb9-fc5e-4b26-b362-52311cfd8aa6 | a2893545-bf7d-4606-b5bf-247a59e8e23e","niamey_9","Rien a signalé"
"519",-29.6886666695277,"a2893545-bf7d-4606-b5bf-247a59e8e23e | ca36512a-b24c-4d7f-8970-988fb07074e7","niamey_9","Rien a signalé"
"520",-6.74578333298365,"ca36512a-b24c-4d7f-8970-988fb07074e7 | 5638bc85-e6f1-4ff4-bdb1-99c47e364665","niamey_9","Rien a signalé"
"521",-1229.47093333006,"5638bc85-e6f1-4ff4-bdb1-99c47e364665 | 6b53fd52-402b-49dd-a7c0-127b0ede43d2","niamey_9","Rien a signalé"
"522",-5.41661666631699,"6b53fd52-402b-49dd-a7c0-127b0ede43d2 | 27c78759-2315-479b-8694-a0c7983dc8b3","niamey_9","Rien a signalé"
"523",-13.5059166669846,"27c78759-2315-479b-8694-a0c7983dc8b3 | bf5be38f-77c8-4916-9f57-1c16ab3883d3","niamey_9","Rien a signalé"
"524",-5.03718333244324,"bf5be38f-77c8-4916-9f57-1c16ab3883d3 | 3c99b152-1c06-44b2-828f-7fde638c5fd3","niamey_9","Rien a signalé"
"525",-5.91026666561763,"3c99b152-1c06-44b2-828f-7fde638c5fd3 | d994ce4e-7300-43a6-958a-702fa5a2e067","niamey_9","Rien a signalé"
"526",-5.42021666765213,"d994ce4e-7300-43a6-958a-702fa5a2e067 | 794696bc-b67f-45b6-92e1-6ed9088cd8ec","niamey_9","Rien a signalé"
